ocid,fecha_compilacion,segmento_mes,tender_id,nomenclatura,descripcion,metodo_ocds,tipo_procedimiento,categoria,monto_referencial,moneda,monto_referencial_pen,fecha_convocatoria,n_postores_declarado,info_protegida_por_ley,presupuesto,comprador_id,comprador_nombre,archivo_mes,n_releases,fecha_primer_release,fecha_ultimo_release,departamento_raw,provincia_raw,distrito_raw,n_postores_filas,n_postores_unicos,n_adjudicaciones,monto_adjudicado,proveedores,proveedores_ids,n_contratos,monto_contratado,fecha_primer_contrato
ocds-dgv273-seacev3-1251581,2026-09-23T10:18:09.616866-05:00,2026-06,1251581,CP CON-SM-3-2025-GRP-GGR-C-CP-1,"CONTRATACION DEL SERVICIO DE CONSULTORIA PARA LA SUPERVISIÓN DE LA EJECUCIÓN DE LA OBRA MEJORAMIENTO DE LOS SERVICIOS DEPORTIVOS EN EL ESTADIO MUNICIPAL ¿FERNANDO ARAMBULO SANTIN¿ DE LA CIUDAD DE TAMBOGRANDE, DISTRITO DE TAMBO GRANDE - PROVINCIA DE PIURA - DEPARTAMENTO DE PIURA. CON CUI N°2310221",,Concurso Público para Consultoría,services,6741021.8,PEN,6741021.8,2026-06-12T16:20:00-05:00,,True,,PE-CONSUCODE-48,GOBIERNO REGIONAL DE PIURA SEDE CENTRAL,2026-06,3,2026-09-21T09:59:34.072947-05:00,2026-09-23T10:18:09.616866-05:00,PIURA,PIURA,PIURA,0,0,0,,,,0,,
ocds-dgv273-seacev3-1251524,2026-09-23T10:18:09.498694-05:00,2026-08,1251524,LP-ABR-8-2026-INS-1,ADQUISICIÓN DE UNIFORME INSTITUCIONAL DE INVIERNO - VERANO PARA LOS TRABAJADORES DAMAS Y CABALLEROS DEL INSTITUTO NACIONAL DE SALUD - ITEM N° 01: UNIFORME INVIERNO - VERANO CABALLEROS DERIVADA DE LA LICITACIÓN PÚBLICA N° 2-2025-INS-1,,Licitación Pública Abreviada,goods,657513.52,PEN,657513.52,2026-08-04T19:12:00-05:00,19.0,False,,PE-CONSUCODE-1979,INSTITUTO NACIONAL DE SALUD,2026-08,2,2026-09-22T10:12:37.857253-05:00,2026-09-23T10:18:09.498694-05:00,LIMA,LIMA,CHORRILLOS,19,19,1,623978.43,SAMITEX SA,PE-RUC-20348511824,0,,
ocds-dgv273-seacev3-1251354,2026-09-23T10:18:08.790237-05:00,2026-08,1251354,LP-ABR-41-2026-DEC -MDCH-1,ADQUISICION DE MATERIALES DE CONSTRUCCION PARA EL PROYECTO MEJORAMIENTO Y AMPLIACION DEL SERVICIO DE ATENCION Y PROMOCION DE LAS FAMILIAS EN LA COMUNIDAD DE CCASA DEL DISTRITO DE CHALLHUAHUACHO PROVINCIA DE COTABAMBAS DEPARTAMENTO DE APURIMAC,,Licitación Pública Abreviada,goods,172150.0,PEN,172150.0,2026-08-26T09:27:00-05:00,8.0,False,,PE-CONSUCODE-374,MUNICIPALIDAD DISTRITAL DE CHALLHUAHUACHO,2026-08,2,2026-09-22T10:12:37.755204-05:00,2026-09-23T10:18:08.790237-05:00,APURIMAC,COTABAMBAS,CHALLHUAHUACHO,8,8,1,174900.0,MAXCEL PERU S.A.C.,PE-RUC-20613103822,0,,
ocds-dgv273-seacev3-1246613,2026-09-23T10:18:08.680230-05:00,2026-07,1246613,LP-ABR-4-2026-MDTM-CS-1,MEJORAMIENTO DEL SERVICIO DE TRANSITABILIDAD PEATONAL EN LA AV. SIMON BOLIVAR DEL DISTRITO DE TAMBO DE MORA - PROVINCIA DE CHINCHA - DEPARTAMENTO DE ICA CUI 2502606 ¿ II ETAPA,,Licitación Pública Abreviada,works,635982.2,PEN,635982.2,2026-07-01T14:29:00-05:00,30.0,False,1240165.29,PE-CONSUCODE-1049,MUNICIPALIDAD DISTRITAL DE TAMBO DE MORA,2026-07,5,2026-09-03T10:51:02.475118-05:00,2026-09-23T10:18:08.680230-05:00,ICA,CHINCHA,TAMBO DE MORA,30,30,1,604183.09,CONSORCIO ALTA INGENIERIA S.A.C.,PE-RUC-20534378344,1,604183.09,2026-09-17T00:00:00-05:00
ocds-dgv273-seacev3-1243906,2026-09-23T10:18:08.617426-05:00,2026-08,1243906,LP-ABR-11-2026-EPS GRAU SA-GG-1,ADQUISICIÓN DE COMBUSTIBLE DIESEL B5 S-50 PARA LAS UNIDADES VEHICULAES VINCULADOS A LAS ACTIVIDADES DE DISTRIBUCION DE AGUA POTABLE EN EL MARCO DEL CONVENI N°038-2026/VIVIENDA/VMCS/PNSU/DE,,Licitación Pública Abreviada,goods,181260.0,PEN,181260.0,2026-08-24T16:45:00-05:00,2.0,False,,PE-CONSUCODE-2381,ENTIDAD PRESTADORA DE SERVICIO DE SANEAMIENTO GRAU S.A.,2026-08,13,2026-08-25T10:17:45.025507-05:00,2026-09-23T10:18:08.617426-05:00,PIURA,PIURA,PIURA,2,2,1,228875.2,ESTACIONES DON BOSCO SOCIEDAD ANÓNIMA CERRADA,PE-RUC-20609721546,0,,
ocds-dgv273-seacev3-1241496,2026-09-23T10:18:08.606839-05:00,2026-08,1241496,LP-ABR-68-2026-C-MPC-1,"ADQUISICION DE EQUIPAMIENTO BIOMEDICO PARA LABORATORIO PARA EL PROYECTO (0173) MEJORAMIENTO Y AMPLIACION DE LA PROESTACION DEL SERVICIO DE SALUD DEL ESTABLECIMIENTO DE SALUD SAN PEDRO APV. PICCHU ALTO, DISTRITO DE CUSCO, PROVINCIA DE CUSCO-CUSCO.",,Licitación Pública Abreviada,goods,145550.0,PEN,145550.0,2026-08-17T11:35:00-05:00,25.0,False,,PE-CONSUCODE-749,MUNICIPALIDAD PROVINCIAL DEL CUSCO,2026-08,14,2026-08-18T10:20:57.853857-05:00,2026-09-23T10:18:08.606839-05:00,CUSCO,CUSCO,CUSCO,25,25,0,,,,0,,
ocds-dgv273-seacev3-1235697,2026-09-23T10:18:08.590743-05:00,2026-07,1235697,LP-ABR-5-2026-GRH/C-3,"EJECUCIÓN DE LA OBRA COMPLEMENTARIA, MEJORAMIENTO Y AMPLIACIÓN DE SISTEMA TELEMÁTICO RESPECTO A SUMINISTRO DE BIENES Y SERVICIO DE HIS PAC RIS DEL PROYECTO DE INVERSIÓN PUBLICA: ¿MEJORAMIENTO DE LA CAPACIDAD RESOLUTIVA DE LOS SERVICIOS DE SALUD DEL HOSPITAL REGIONAL HERMILIO VALDIZAN MEDRANO DE HUAN",,Licitación Pública Abreviada,works,3500366.24,PEN,3500366.24,2026-07-21T17:24:00-05:00,9.0,False,14001554.96,PE-CONSUCODE-40,GOBIERNO REGIONAL DE HUANUCO SEDE CENTRAL,2026-07,21,2026-07-22T10:32:06.903494-05:00,2026-09-23T10:18:08.590743-05:00,HUANUCO,HUANUCO,AMARILIS,9,9,1,3500396.24,CONSORCIO WINNER,PE-RUC-1819409,1,3500396.24,2026-09-04T00:00:00-05:00
ocds-dgv273-seacev3-1236098,2026-09-23T10:18:08.554506-05:00,2026-07,1236098,SIE-SIE-5-2026-HRL-OC-1,"ADQUISICIÓN DE PRODUCTO BIOLÓGICO INMUNOGLOBULINA HUMANA NORMAL, 5% INYECTABLE, 100 mL, PARA EL SERVICIO DE FARMACIA DEL HOSPITAL REGIONAL LAMBAYEQUE",open,Subasta Inversa Electrónica,goods,975000.0,PEN,975000.0,2026-07-22T09:17:00-05:00,5.0,False,,PE-CONSUCODE-200441,GOBIERNO REGIONAL DE LAMBAYEQUE - HOSPITAL REGIONAL LAMBAYEQUE,2026-07,15,2026-07-23T10:30:34.352081-05:00,2026-09-23T10:18:08.554506-05:00,LAMBAYEQUE,CHICLAYO,CHICLAYO,5,5,2,1699550.0,BLAU FARMACEUTICA PERU S.A.C. | DYSAC FARMA S.A.C.,PE-RUC-20601283353 | PE-RUC-20606948507,0,,
ocds-dgv273-seacev3-1233868,2026-09-23T10:18:08.486298-05:00,2026-07,1233868,CP-ABR-44-2026-GRA-SEDECENTRAL-1,CONTRATACIÓN DEL SERVICIO DE CONSULTORÍA PARA LA  ELABORACIÓN DEL EXPEDIENTE TÉCNICO DEL PROYECTO ¿MEJORAMIENTO DEL SERVICIO DE EDUCACIÓN SECUNDARIA EN I.E. PEDRO RUIZ GALLO DE CENTRO POBLADO LLOCHEGUA DISTRITO DE LLOCHEGUA DE LA PROVINCIA DE HUANTA DEL DEPARTAMENTO DE AYACUCHO¿ CON CUI N°2623800.,,Concurso Público Abreviado,services,410000.0,PEN,410000.0,2026-07-14T18:13:00-05:00,23.0,False,,PE-CONSUCODE-35,GOBIERNO REGIONAL DE AYACUCHO SEDE CENTRAL,2026-07,20,2026-07-15T10:31:01.248940-05:00,2026-09-23T10:18:08.486298-05:00,AYACUCHO,HUAMANGA,AYACUCHO,23,23,1,369000.0,CONSORCIO PEDRO RUIZ,PE-RUC-1824678,0,,
ocds-dgv273-seacev3-1241461,2026-09-23T10:18:08.450320-05:00,2026-08,1241461,CP-ABR-23-2026-CS-MDCH-1,"CONTRATACIÓN DEL SERVICIO DE FABRICACION E INSTALACION DE COBERTURA METALICA, PARA LA EJECUCION DEL PROYECTO ¿CREACION DEL SERVICIO DEL CENTRO RECREACIONAL, EDUCATIVO Y DESARROLLO CULTURAL EN LA COMUNIDAD DE HUANACOPAMPA DEL DISTRITO DE CHALLHUAHUACHO-COTABAMBAS-APURIMAC.",,Concurso Público Abreviado,services,395000.0,PEN,395000.0,2026-08-14T12:27:00-05:00,17.0,False,,PE-CONSUCODE-374,MUNICIPALIDAD DISTRITAL DE CHALLHUAHUACHO,2026-08,17,2026-08-15T10:17:54.626885-05:00,2026-09-23T10:18:08.450320-05:00,APURIMAC,COTABAMBAS,CHALLHUAHUACHO,17,17,1,327999.99,CONSORCIO ESDHA METALS,PE-RUC-1824777,0,,
ocds-dgv273-seacev3-1245233,2026-09-23T10:18:08.443433-05:00,2026-08,1245233,LP-SM-3-2026-MDM-1,"MEJORAMIENTO DEL SERVICIO DE MOVILIDAD URBANA EN LA ZONA A Y B DE LA ASOCIACION DE VIVIENDA TALLER GRANJA LOS GIRASOLES, DISTRITO DE MIRAFLORES ¿ PROVINCIA DE AREQUIPA ¿ DEPARTAMENTO DE AREQUIPA - CUI 2571538 - PRIMERA ETAPA",open,Licitación Pública,works,8835362.58,PEN,8835362.58,2026-08-28T09:51:00-05:00,,True,,PE-CONSUCODE-404,MUNICIPALIDAD DISTRITAL DE MIRAFLORES - AREQUIPA,2026-08,21,2026-08-29T10:11:47.257524-05:00,2026-09-23T10:18:08.443433-05:00,AREQUIPA,AREQUIPA,MIRAFLORES,0,0,0,,,,0,,
ocds-dgv273-seacev3-1232957,2026-09-23T10:18:08.434953-05:00,2026-07,1232957,LP-SM-12-2026-CENARES/ MINSA-1,ADQUISICION DE DISPOSITIVOS MÉDICOS¿COMPRA CENTRALIZADA PARA EL ABASTECIMIENTO POR UN PERIODO DE DOCE (12) MESES¿CATORCE (14) ITEMS,open,Licitación Pública,goods,0.0,PEN,0.0,2026-07-10T16:43:00-05:00,,True,,PE-CONSUCODE-200363,CENTRO NACIONAL DE ABASTECIMIENTO DE RECURSOS ESTRATEGICOS EN SALUD,2026-07,53,2026-07-11T10:22:37.835285-05:00,2026-09-23T10:18:08.434953-05:00,LIMA,LIMA,JESUS MARIA,0,0,0,,,,0,,
ocds-dgv273-seacev3-1244074,2026-09-23T10:18:08.385937-05:00,2026-08,1244074,LP-ABR-6-2026-MDA/OC-2,"ADQUISICION DE CALAMINA GALVANIZADA para la obra  CREACION DE LOS SERVICIOS DE APOYO AL \nDESARROLLO PRODUCTIVO EN LA PROTECCION CON COBERTURA PARA LA\nPRODUCCION DE GANADO VACUNO EN LAS COMUNIDADES CAMPESINAS DE\nCHOSICANI, LLACTA SILLOTA, TURUPAMPA, SECTOR SAN LUIS Y SAN ANTONIO\nHUARAHUARANI",,Licitación Pública Abreviada,goods,139712.0,PEN,139712.0,2026-08-24T20:47:00-05:00,28.0,False,,PE-CONSUCODE-1666,MUNICIPALIDAD DISTRITAL DE ASILLO,2026-08,17,2026-08-25T10:17:45.087392-05:00,2026-09-23T10:18:08.385937-05:00,PUNO,AZANGARO,ASILLO,28,28,1,139712.0,PROBISARC S.R.L.,PE-RUC-20542663163,0,,
ocds-dgv273-seacev3-1237798,2026-09-23T10:18:08.350486-05:00,2026-07,1237798,LP-ABR-3-2026-MDY-LPA-1,"LA OBRA: ¿RENOVACION DE PUENTE; EN EL(LA) LA VECINAL HU-1147 (PUENTE YARUMAYO): EMP. HU-111(YARUMAYO) ¿ DESV. COCHAS-CHAULAN, EN EL CENTRO POBLADO YARUMAYO, DISTRITO DE YARUMAYO, PROVINCIA DE HUANUCO, DEPARTAMENTO HUANUCO",,Licitación Pública Abreviada,works,833783.42,PEN,833783.42,2026-07-31T23:15:00-05:00,10.0,False,833783.42,PE-CONSUCODE-959,MUNICIPALIDAD DISTRITAL DE YARUMAYO,2026-07,16,2026-08-01T10:19:37.741687-05:00,2026-09-23T10:18:08.350486-05:00,HUANUCO,HUANUCO,YARUMAYO,10,10,1,833783.42,CONSORCIO EJECUTOR COCHAS,PE-RUC-1821276,1,833783.42,2026-09-07T00:00:00-05:00
ocds-dgv273-seacev3-1243324,2026-09-23T10:18:08.298321-05:00,2026-08,1243324,COMPRE-COMPRE-50-2026-GR-CUSCO-1,"ADQUISICION DE LUMINARIAS PARA EL PROYECTO: ¿ MEJORAMIENTO DE LOS SERVICIOS DE SALUD, EN EL CENTRO DE SALUD DE INDEPENDENCIA DEL DISTRITO DE CUSCO - PROVINCIA DE CUSCO - DEPARTAMENTO DE CUSCO¿.",open,Comparación de Precios,goods,99873.33,PEN,99873.33,2026-08-20T22:12:00-05:00,3.0,False,99873.33,PE-CONSUCODE-37,GOBIERNO REGIONAL DE CUSCO SEDE CENTRAL,2026-08,10,2026-08-21T10:31:12.161831-05:00,2026-09-23T10:18:08.298321-05:00,CUSCO,CUSCO,CUSCO,3,3,1,99500.0,SERVICIOS MULTIPLES HM DEL PERU E.I.R.L.,PE-RUC-20615676803,1,99500.0,2026-09-16T00:00:00-05:00
ocds-dgv273-seacev3-1237436,2026-09-23T10:18:08.290736-05:00,2026-07,1237436,CP SER-SM-1-2026-MHDM-OC-1,"CONTRATACIÓN DE SERVICIO DE TRANSPORTE EXTERNO, TRATAMIENTO DE RESIDUOS ANATOMOPATOLOGICOS Y DISPOSICION FINAL DE RESIDUOS SOLIDOS  HOSPITALARIOS (PELIGROSOS, BIOCONTAMINADOS Y ESPECIALES)",,Concurso Público de Servicios,services,5022400.0,PEN,5022400.0,2026-07-30T19:49:00-05:00,6.0,False,,PE-CONSUCODE-10215,HOSPITAL NACIONAL DOS DE MAYO,2026-07,12,2026-07-31T10:16:01.169953-05:00,2026-09-23T10:18:08.290736-05:00,LIMA,LIMA,LIMA,6,6,0,,,,0,,
ocds-dgv273-seacev3-1244179,2026-09-23T10:18:08.278675-05:00,2026-08,1244179,SIE-SIE-3-2026-MDSJL/C-1,"ADQUISICION DE COMBUSTIBLE DIESEL B5 S-50 PARA LA EJECUCION DEL PROYECTO: CREACION DEL SERVICIO DE TRANSITABILIDAD VIAL TRAMO CASERIO SAN JUAN DE SALINAS LOYOLA - SECTOR EL CEDRAL, C.P. CALABOZO DEL DISTRITO DE SAN JOSE DE LOURDES - PROVINCIA DE SAN IGNACIO - DEPARTAMENTO DE CAJAMARCA, CUI N° 254683",open,Subasta Inversa Electrónica,goods,111300.0,PEN,111300.0,2026-08-25T12:42:00-05:00,2.0,False,,PE-CONSUCODE-705,MUNICIPALIDAD DISTRITAL DE SAN JOSE DE LOURDES,2026-08,10,2026-08-26T10:29:20.659964-05:00,2026-09-23T10:18:08.278675-05:00,CAJAMARCA,SAN IGNACIO,SAN JOSE DE LOURDES,2,2,1,111300.0,AGUIRRE CARRION EMMIR,PE-RUC-10278450355,0,,
ocds-dgv273-seacev3-2026-200190-127,2026-09-23T10:18:08.237330-05:00,2026-07,1236820,LP-ABR-14-2026-ELECTRONOROESTE SA (ENOSA)-1,ADQUISICIÓN DE EMPALMES Y TERMINACIONES PARA CABLES AISLADOS DE MEDIA TENSIÓN DE ELECTRONOROESTE S.A.,,Licitación Pública Abreviada,goods,222704.97,PEN,222704.97,2026-07-24T14:42:00-05:00,14.0,False,,PE-CONSUCODE-200190,EMPRESA DE SERVICIO PUBLICO DE ELECTRICIDAD DEL NOR OESTE DEL PERU S.A. ELECTRO NOR OESTE SA,2026-07,37,2026-07-25T10:12:55.686951-05:00,2026-09-23T10:18:08.237330-05:00,PIURA,PIURA,PIURA,14,14,1,189443.1,2B LATAM S.A.C.,PE-RUC-20602440517,0,,
ocds-dgv273-seacev3-1243414,2026-09-23T10:18:08.201769-05:00,2026-08,1243414,CP-ABR-11-2026-MPA-DEC-1,"CONTRATACIÓN DEL SERVICIO DE VOLADURA, PERFORACIÓN Y DISPARO EN ROCA FIJA (A TODO COSTO), PARA LA EJECUCIÓN DE LA OBRA: ¿CREACION DEL SERVICIO DE TRANSITABILIDAD VIAL INTERURBANA EN VIA VECINAL DESVIO PE-3N (VADO GRANDE) - REMOLINOS (EMP. PI-668) DISTRITO DE AYABACA - DE LA PROVINCIA DE AYABACA - DE",,Concurso Público Abreviado,services,380891.63,PEN,380891.63,2026-08-21T10:43:00-05:00,5.0,False,,PE-CONSUCODE-1593,MUNICIPALIDAD PROVINCIAL DE AYABACA,2026-08,12,2026-08-22T10:45:08.336193-05:00,2026-09-23T10:18:08.201769-05:00,PIURA,AYABACA,AYABACA,5,5,0,,,,0,,
ocds-dgv273-seacev3-1240356,2026-09-23T10:18:08.186328-05:00,2026-08,1240356,CP-ABR-1-2026-MDLP/C-1,"CONTRATACIÓN DE SERVICIO DE ELABORACION DE ESTRUCTURAS METALICAS PARA EL PROYECTO CREACION DE LOSA DEPORTIVA DEL CENTRO POBLADO DE PLANCHON DEL DISTRITO DE LAS PIEDRAS, PROV DE TAMBOPATA, DPTO DE MADRE DE DIOS CUI 2541788",,Concurso Público Abreviado,services,472000.0,PEN,472000.0,2026-08-14T17:04:00-05:00,7.0,False,472000.0,PE-CONSUCODE-1528,MUNICIPALIDAD DISTRITAL DE LAS PIEDRAS,2026-08,18,2026-08-15T10:17:54.139432-05:00,2026-09-23T10:18:08.186328-05:00,MADRE DE DIOS,TAMBOPATA,LAS PIEDRAS,7,7,1,470700.0,CONSTRUCTORA ARRIOLA VALENCIA SOCIEDAD ANONIMA CERRADA-CONARVA S.A.C.,PE-RUC-20600995902,1,470700.0,2026-09-16T00:00:00-05:00
ocds-dgv273-seacev3-1246147,2026-09-23T10:18:08.134552-05:00,2026-08,1246147,CP SER-SM-1-2026-MPL/C-1,"SERVICIO A TODO COSTO DE PREPARACIÓN, TRANSPORTE, COLOCACIÓN Y COMPACTACIÓN DE CARPETA ASFÁLTICA EN CALIENTE E=2¿ PARA SER UTILIZADO EN LOS TRABAJOS DEL PROYECTO REPARACIÓN DE SUPERFICIE DE RODADURA; EN EL(LA) JRS. SAN MARTÍN C-6 A C-7, C-12; JUNÍN C-2 CRUCE CON REYNALDO BARTRA C-2; RAMON CASTILLA C",,Concurso Público de Servicios,services,0.0,PEN,0.0,2026-08-31T21:39:00-05:00,,True,,PE-CONSUCODE-1768,MUNICIPALIDAD PROVINCIAL DE LAMAS,2026-08,12,2026-09-01T10:23:59.035997-05:00,2026-09-23T10:18:08.134552-05:00,SAN MARTIN,LAMAS,LAMAS,0,0,0,,,,0,,
ocds-dgv273-seacev3-1240704,2026-09-23T10:18:08.036115-05:00,2026-08,1240704,CP-ABR-23-2026-GRA/C-1,"CONTRATACIÓN DE CONSULTORÍA DE OBRA PARA LA SUPERVISION DE LA EJECUCIÓN DEL PROYECTO: ""MEJORAMIENTO Y AMPLIACIÓN DEL SERVICIO DE TRANSITABILIDAD VIAL INTERURBANA EN PUEBLO NUEVO ¿ ALTO PERU - SAN PEDRO - DURAZNILLO - LLOQUE ¿ DANJAMAL ¿ SAN RAMON ¿ SANTA MARIA, DISTRITO DE PISUQUIA DE LA PROVINCI...",,Concurso Público Abreviado,services,222426.11,PEN,222426.11,2026-08-12T12:19:00-05:00,4.0,False,222426.11,PE-CONSUCODE-32,GOBIERNO REGIONAL DE AMAZONAS SEDE CENTRAL,2026-08,13,2026-08-13T10:28:42.221575-05:00,2026-09-23T10:18:08.036115-05:00,AMAZONAS,CHACHAPOYAS,CHACHAPOYAS,4,4,1,179071.87,CONSORCIO SUPERVISOR SANTA MARIA,PE-RUC-1823878,1,179071.87,2026-09-17T00:00:00-05:00
ocds-dgv273-seacev3-1244451,2026-09-23T10:18:08.015444-05:00,2026-08,1244451,CP-ABR-9-2026-DEC-MDE/LC-1,"CONTRATACION DE SERVICIO DE FABRICACION  E INSTALACION DE GEOTANQUE DE 45 M3 A TODO COSTO PARA EL PLAN DE NEGOCIO: ""MEJORAMIENTO DE LA PRODUCCION DE CACAO A TRAVES DE LA IMPLEMENTACION DE RIEGO TECNIFICADO EN LA ASOCIACION DE PRODUCTORES DE CACAO FINO AROMA DE YOMENTOATO ECHARATI- LA CONVENCION - CU",,Concurso Público Abreviado,services,0.0,PEN,0.0,2026-08-25T18:57:00-05:00,,True,,PE-CONSUCODE-814,MUNICIPALIDAD DISTRITAL DE ECHARATE,2026-08,7,2026-08-26T10:29:20.880849-05:00,2026-09-23T10:18:08.015444-05:00,CUSCO,LA CONVENCION,ECHARATE,0,0,0,,,,0,,
ocds-dgv273-seacev3-1243790,2026-09-23T10:18:08.008665-05:00,2026-08,1243790,LP-ABR-235-2026-MDSM/CS-1,"CONTRATACION DE EJECUCION DE OBRA: CREACION DEL SERVICIOS DE ESPACIOS PÚBLICOS URBANOS EN LA PLAZUELA DEL SECTOR HUAYOPAMPA DEL CENTRO POBLADO SAN ANDRES DE RUNTU DISTRITO DE SAN MARCOS DE LA PROVINCIA DE HUARI DEL DEPARTAMENTO DE ANCASH, CON CUI N°2658929.",,Licitación Pública Abreviada,works,0.0,PEN,0.0,2026-08-24T17:26:00-05:00,,True,,PE-CONSUCODE-224,MUNICIPALIDAD DISTRITAL DE SAN MARCOS,2026-08,12,2026-08-25T10:17:44.956973-05:00,2026-09-23T10:18:08.008665-05:00,ANCASH,HUARI,SAN MARCOS,0,0,0,,,,0,,
ocds-dgv273-seacev3-1243730,2026-09-23T10:18:07.995221-05:00,2026-08,1243730,LP-ABR-3-2026-MDSPC-1,ADQUISICION E INSTALACION DE PISO DE POLIURETANO DE 11MM A TODO COSTO PARA LA EJECUCIÓN DEL PROYECTO: ¿CREACION DEL SERVICIO DE PRÁCTICA DEPORTIVA Y/O RECREATIVA EN COMUNIDAD DE PANTIPATA DISTRITO DE SAN PEDRO DE CACHORA DE LA PROVINCIA DE ABANCAY DEL DEPARTAMENTO DE APURIMAC¿,,Licitación Pública Abreviada,goods,188124.01,PEN,188124.01,2026-08-17T18:51:00-05:00,6.0,False,,PE-CONSUCODE-324,MUNICIPALIDAD DISTRITAL DE SAN PEDRO DE CACHORA,2026-08,12,2026-08-22T10:45:08.470319-05:00,2026-09-23T10:18:07.995221-05:00,APURIMAC,ABANCAY,SAN PEDRO DE CACHORA,6,6,1,187969.8,PROYECTOS DE INGENIERIA Y CONSTRUCCIONES RM E.I.R.L.,PE-RUC-20605251286,0,,
ocds-dgv273-seacev3-1245737,2026-09-23T10:18:07.874795-05:00,2026-08,1245737,COMPRE-COMPRE-21-2026-MPCT-1,"ADQUISICIÓN DE MATERIALES SIDERÚRGICOS (TUBERÍAS DE ACERO GALVANIZADO, PLANCHA GALVANIZADA, PERFILES ANGULARES Y PLATINAS DE ACERO), PARA EL PROYECTO: MEJORAMIENTO Y AMPLIACION DEL SERVICIO DE AGUA POTABLE Y SANEAMIENTO BASICO EN LA COMUNIDAD PUNAPAMPA DEL DISTRITO DE TAMBOBAMBA - PROVINCIA DE COTAB",open,Comparación de Precios,goods,74765.0,PEN,74765.0,2026-08-28T22:52:00-05:00,3.0,False,74765.0,PE-CONSUCODE-369,MUNICIPALIDAD PROVINCIAL DE COTABAMBAS - TAMBOBAMBA,2026-08,8,2026-08-29T10:11:47.639321-05:00,2026-09-23T10:18:07.874795-05:00,APURIMAC,COTABAMBAS,TAMBOBAMBA,3,3,1,72245.0,COMPAÑIA INVERSIONES Y SERVICIOS ROSAS S.A.C.,PE-RUC-20611224461,1,72245.0,2026-09-22T00:00:00-05:00
ocds-dgv273-seacev3-1243633,2026-09-23T10:18:07.860049-05:00,2026-08,1243633,SIE-SIE-2-2026-MDSS-OC-1,"ADQUISICION DE CEMENTO PORTLAN IP 42.5KG para la "" RENOVACION DE CAMPO DEPORTIVO; CONSTRUCCION DE RESERVORIO, TRIBUNA Y/O PALCO Y SERVICIOS HIGIENICOS Y/O VESTIDORES; EN EL(LA) ESTADIO MUNICIPAL JESUS MANUEL AMPUERO DE SAN SALVADOR DEL DISTRITO DE SAN SALVADOR, PROVINCIA CALCA, DEPARTAMENTO CUSCO""",open,Subasta Inversa Electrónica,goods,62778.98,PEN,62778.98,2026-08-21T17:17:00-05:00,7.0,False,122143.58,PE-CONSUCODE-778,MUNICIPALIDAD DISTRITAL DE SAN SALVADOR,2026-08,13,2026-08-22T10:45:08.399688-05:00,2026-09-23T10:18:07.860049-05:00,CUSCO,CALCA,SAN SALVADOR,7,7,1,59364.6,CODECO E.I.R.L,PE-RUC-20532492051,1,59364.6,2026-09-17T00:00:00-05:00
ocds-dgv273-seacev3-1240701,2026-09-23T10:18:07.853206-05:00,2026-08,1240701,CP-ABR-23-2026-ESSALUD/RPR-2,"CONTRATACIÓN DEL SERVICIO DE RECOJO, LAVADO, SECADO, PLANCHADO, DOBLADO Y ENTREGA DE ROPA HOSPITALARIA PARA CATORCE (14) INSTITUCIONES PRESTADORAS DE SERVICIOS DE SALUD - IPRESS, DEPENDIENTES DE LA GERENCIA DE SERVICIOS PRESTACIONALES NIVEL I-II, RED PRESTACIONAL REBAGLIATI - ESSALUD",,Concurso Público Abreviado,services,0.0,PEN,0.0,2026-08-12T11:30:00-05:00,,True,,PE-CONSUCODE-2543,SEGURO SOCIAL DE  SALUD,2026-08,16,2026-08-13T10:28:42.214952-05:00,2026-09-23T10:18:07.853206-05:00,LIMA,LIMA,JESUS MARIA,0,0,0,,,,0,,
ocds-dgv273-seacev3-2026-10584-1,2026-09-23T10:18:07.845518-05:00,2026-07,1230006,CP-ABR-1-2026-RSC/E-C-1,CONTRATACIÓN DEL SERVICIO DE SEGURIDAD Y VIGILANCIA PARA EL HOSPITAL SAN MARTÍN DE PORRES MACUSANI CARABAYA PUNO,,Concurso Público Abreviado,services,0.0,PEN,0.0,2026-07-20T22:02:00-05:00,13.0,True,,PE-CONSUCODE-10584,GOBIERNO REGIONAL DE PUNO-SALUD MACUSANI,2026-07,48,2026-03-20T10:14:22.318657-05:00,2026-09-23T10:18:07.845518-05:00,PUNO,CARABAYA,MACUSANI,21,21,1,1300000.0,JIM & CA SECURITY SOCIEDAD ANONIMA CERRADA,PE-RUC-20603698691,0,,
ocds-dgv273-seacev3-1241022,2026-09-23T10:18:07.830306-05:00,2026-08,1241022,CP-ABR-1-2026-MDY/CE-1,consultoria de obra para la supervision de la obra:creacion de los servicios de agua potable y disposicion de excretas en las localidades de  nuevo dantas y bello horizonte II ETAPA,,Concurso Público Abreviado,services,249494.78,PEN,249494.78,2026-08-25T16:17:00-05:00,4.0,False,249494.78,PE-CONSUCODE-1006,MUNICIPALIDAD DISTRITAL DE YUYAPICHIS,2026-08,13,2026-08-26T10:29:19.349045-05:00,2026-09-23T10:18:07.830306-05:00,HUANUCO,PUERTO INCA,YUYAPICHIS,4,4,1,249475.6,CONSORCIO SUPERVISOR BELLO HORIZONTE,PE-RUC-1828694,1,249475.6,2026-09-17T00:00:00-05:00
ocds-dgv273-seacev3-1239740,2026-09-23T10:18:07.790516-05:00,2026-08,1239740,CP-ABR-1-2026-MDY-C-1,"Contratación de la supervisión de ejecución de obra: RENOVACION DE PUENTE Y PUENTE; EN EL(LA) CAMINO VECINAL PU-590 (PUENTE BETASMAYO Y PUENTE LIMPUCUNI), TRAMO: EMP. PU-109 (YANAHUAYA) ¿ RIO TAMBOPATA - LLAMILLAMI. EN EL CENTRO POBLADO LIMPUCUNI (HUAYRAPATA), DISTRITO DE YANAHUAYA, PROVINCIA SANDIA, DEPARTAMENTO PUNO con CUI 2686901",,Concurso Público Abreviado,services,141440.09,PEN,141440.09,2026-08-07T20:52:00-05:00,11.0,False,,PE-CONSUCODE-1729,MUNICIPALIDAD DISTRITAL DE YANAHUAYA,2026-08,20,2026-08-10T10:05:41.471488-05:00,2026-09-23T10:18:07.790516-05:00,PUNO,SANDIA,YANAHUAYA,11,11,1,141440.09,SANCHEZ QUISPE JUAN MILAN,PE-RUC-10422724295,0,,
ocds-dgv273-seacev3-1238763,2026-09-23T10:18:07.776737-05:00,2026-08,1238763,SIE-SIE-4-2026-DEC/MDRN-1,"CONTRATACIÓN DE SUMINISTRO DE COMBUSTIBLE, DIESEL B5 S50 PARA EL PLAN DE MANTENIMIENTO DE VIAS RURALES 2026 DEL DISTRITO DE RIO NEGRO, PROVINCIA DE SATIPO, REGION JUNIN",open,Subasta Inversa Electrónica,goods,451657.5,PEN,451657.5,2026-08-04T19:09:00-05:00,2.0,False,958620.0,PE-CONSUCODE-1161,MUNICIPALIDAD DISTRITAL DE RIO NEGRO,2026-08,11,2026-08-05T10:26:25.823393-05:00,2026-09-23T10:18:07.776737-05:00,JUNIN,SATIPO,RIO NEGRO,2,2,1,506962.5,SERVICENTRO CRISNEYA EMPRESA INDIVIDUAL DE RESPONSABILIDAD LIMITADA,PE-RUC-20610959432,1,506962.5,2026-09-11T00:00:00-05:00
ocds-dgv273-seacev3-1243227,2026-09-23T10:18:07.756818-05:00,2026-08,1243227,LP-ABR-231-2026-GR PUNO/OC-1,"ADQUISICIÓN DE EQUIPOS DE MOLIENDA, PULVERIZACIÓN Y MEZCLADO SEGÚN REQUERIMIENTO Y ESPECIFICACIONES TÉCNICAS, PARA EL PROYECTO: MEJORAMIENTO DE LA PRODUCCIÓN DE DERIVADOS DE QUINUA EN HARINA EXTRUIDA Y POP EXTRUIDO DE LA EMPRESA CORPORACIÓN DALSAR SOCIEDAD ANÓNIMA CERRADA DE PUNO - PUNO - PUNO.",,Licitación Pública Abreviada,goods,0.0,PEN,0.0,2026-08-20T17:17:00-05:00,,True,,PE-CONSUCODE-49,GOBIERNO REGIONAL DE PUNO SEDE CENTRAL,2026-08,16,2026-08-21T10:31:12.103269-05:00,2026-09-23T10:18:07.756818-05:00,PUNO,PUNO,PUNO,0,0,0,,,,0,,
ocds-dgv273-seacev3-1242083,2026-09-23T10:18:07.741836-05:00,2026-08,1242083,SIE-SIE-23-2026-OC/MDT-1,"ADQUISICION DE CEMENTO TIPO IP (42.5 KG) PARA EL PROYECTO:"" MEJORAMIENTO Y AMPLIACION DEL ACCESO VIAL A LOS SECTORES DE LA PASCANA Y CHACANE, DISTRITO DE TORATA - MARISCAL NIETO - MOQUEGUA"" CON CUI 2300056.",open,Subasta Inversa Electrónica,goods,63958.83,PEN,63958.83,2026-08-17T19:26:00-05:00,8.0,False,63985.83,PE-CONSUCODE-1540,MUNICIPALIDAD DISTRITAL DE TORATA,2026-08,15,2026-08-18T10:20:58.734904-05:00,2026-09-23T10:18:07.741836-05:00,MOQUEGUA,MARISCAL NIETO,TORATA,8,8,1,62475.0,GRUPO SANTA FE SOCIEDAD ANONIMA CERRADA - GRUPO SANTA FE S.A.C.,PE-RUC-20511037001,1,62475.0,2026-09-22T00:00:00-05:00
ocds-dgv273-seacev3-1246079,2026-09-23T10:18:07.583016-05:00,2026-08,1246079,CP-ABR-2-2026-MDM-1,"SERVICIO DE INSTALACIÓN DE CARPETA ASFÁLTICA EN FRÍO EN EL SECTOR LAS PALMERAS Y TORRES DE SAN BORJA, DISTRITO DE MOCHE, PROVINCIA DE TRUJILLO ¿ LA LIBERTAD",,Concurso Público Abreviado,services,289169.12,PEN,289169.12,2026-08-31T19:51:00-05:00,4.0,False,,PE-CONSUCODE-1196,MUNICIPALIDAD DISTRITAL DE MOCHE,2026-08,13,2026-09-01T10:23:58.702820-05:00,2026-09-23T10:18:07.583016-05:00,LA LIBERTAD,TRUJILLO,MOCHE,4,4,1,288935.17,KAYABE S.A.C.,PE-RUC-20607100480,0,,
ocds-dgv273-seacev3-1246042,2026-09-23T10:18:07.542781-05:00,2026-08,1246042,LP-SM-2-2026-DSRTC-CH-1,"ADQUISICION DE AGREGADO MINERAL PARA ASFALTO PARA EL PROYECTO: MEJORAMIENTO DEL SERVICIO DE TRANSITABILIDAD VIAL INTERURBANA EN LA VIA VECINAL AP-541, DESDE EL EMP. 3S (TOTORABAMBA), Y LA VIA VECINAL AP-549 (COCHARCAS), DE LOS DISTRITOS DE ANCO_HUALLO, COCHARCAS DE LA PROVINCIA DE CHINCHEROS DEL DEP",open,Licitación Pública,goods,0.0,PEN,0.0,2026-08-31T18:20:00-05:00,,True,,PE-CONSUCODE-10407,GOBIERNO REGIONAL DE APURIMAC-TRANSPORTES CHANKA,2026-08,9,2026-09-01T10:23:58.659592-05:00,2026-09-23T10:18:07.542781-05:00,APURIMAC,ABANCAY,ABANCAY,0,0,0,,,,0,,
ocds-dgv273-seacev3-1238201,2026-09-23T10:18:07.524469-05:00,2026-06,1238201,LP-ABR-22-2026-MDCC-1,"CONTRATACIÓN PARA LA EJECUCIÓN DE LA OBRA - IOARR: CONSTRUCCION DE SISTEMA DE ABASTECIMIENTO DE AGUA POTABLE Y CONEXION DOMICILIARIA DE ALCANTARILLADO; EN EL(LA) ASOCIACIÓN AGRUPACION DE VIVIENDA SAN PEDRO DEL CONO NORTE DISTRITO DE CERRO COLORADO, AREQUIPA - AREQUIPA, CUI 2695684",,Licitación Pública Abreviada,works,636474.57,PEN,636474.57,2026-06-03T16:59:00-05:00,25.0,False,636474.57,PE-CONSUCODE-399,MUNICIPALIDAD DISTRITAL DE CERRO COLORADO,2026-06,11,2026-08-04T10:21:47.911519-05:00,2026-09-23T10:18:07.524469-05:00,AREQUIPA,AREQUIPA,CERRO COLORADO,25,25,1,636474.57,CONSORCIO CRISMA,PE-RUC-1817020,1,636474.57,2026-09-15T00:00:00-05:00
ocds-dgv273-seacev3-1237194,2026-09-23T10:18:07.482078-05:00,2026-07,1237194,CP-ABR-16-2026-MPH-BCA/C-1,"CONTRATACION DEL SERVICIO DE CONSUILTORIA DE OBRA PARA LA SUPERVISION DE LA OBRA: MEJORAMIENTO DEL SERVICIO DE EDUCACIÓN INICIAL EN I.E. 575 DE CENTRO POBLADO HUANGAMARCA, CASERÍO LICLIPAMPA DISTRITO DE BAMBAMARCA DE LA PROVINCIA DE HUALGAYOC DEL DEPARTAMENTO DE CAJAMARCA",,Concurso Público Abreviado,services,89000.0,PEN,89000.0,2026-07-31T15:38:00-05:00,13.0,False,89000.0,PE-CONSUCODE-685,MUNICIPALIDAD PROVINCIAL DE HUALGAYOC - BAMBAMARCA,2026-07,18,2026-08-01T10:19:37.063626-05:00,2026-09-23T10:18:07.482078-05:00,CAJAMARCA,HUALGAYOC,BAMBAMARCA,13,13,1,88999.91,CONSORCIO NUÑEZ,PE-RUC-1824840,1,88999.91,2026-09-15T00:00:00-05:00
ocds-dgv273-seacev3-2026-2378-68,2026-09-23T10:18:07.466616-05:00,2026-07,1236176,LP-ABR-11-2026-EPSEL S.A.-1,ADQUISICIÓN DE TAPAS CA MARCOS FF CA PARA OFICINA DE RECOLECCION,,Licitación Pública Abreviada,goods,389035.5,PEN,389035.5,2026-07-22T16:37:00-05:00,8.0,False,,PE-CONSUCODE-2378,ENTIDAD PRESTADORA DE SERVICIO DE SANEAMIENTO DE LAMBAYEQUE S.A.,2026-07,12,2026-07-23T10:30:34.403448-05:00,2026-09-23T10:18:07.466616-05:00,LAMBAYEQUE,CHICLAYO,CHICLAYO,8,8,2,263615.25,GRUPO INCCOSAC SOCIEDAD COMERCIAL DE RESPONSABILIDAD LIMITADA | SADICE S.A.C.,PE-RUC-20602161537 | PE-RUC-20613248227,0,,
ocds-dgv273-seacev3-1244985,2026-09-23T10:18:07.420899-05:00,2026-08,1244985,CP-ABR-5-2026-MPH-CS-1,"CONTRATACIÓN DE SERVICIO DE ALQUILER DE CAMION VOLQUETE DE 15 M3 PARA LA EJECUCIÓN DE LA OBRA: ¿RENOVACION DE SUPERFICIE DE RODADURA; EN EL(LA) TRAMO EMP. SM- 103 (LA DIVISORIA) - EMP. SM-103 - EMP. R220440 LOS ANGELES DISTRITO DE SAPOSOA, PROVINCIA HUALLAGA, DEPARTAMENTO SAN MARTIN¿, CON CUI N° 268",,Concurso Público Abreviado,services,129200.0,PEN,129200.0,2026-08-26T22:57:00-05:00,8.0,False,,PE-CONSUCODE-1762,MUNICIPALIDAD PROVINCIAL DE HUALLAGA - SAPOSOA,2026-08,18,2026-08-27T10:33:26.138650-05:00,2026-09-23T10:18:07.420899-05:00,SAN MARTIN,HUALLAGA,SAPOSOA,8,8,1,120000.0,INVERSIONES PACHIZA SAC,PE-RUC-20481880280,0,,
ocds-dgv273-seacev3-1240472,2026-09-23T10:18:07.342043-05:00,2026-08,1240472,CONV-PROC-40-2026-UNI-1,SERVICIO DE MANTENIMIENTO PREVENTIVO DE INSTALACIONES ELÉCTRICAS,open,Convenio,services,29000.4,PEN,29000.4,2026-08-12T22:22:00-05:00,5.0,False,,PE-CONSUCODE-1891,UNIVERSIDAD NACIONAL DE INGENIERIA,2026-08,30,2026-08-13T10:28:41.791129-05:00,2026-09-23T10:18:07.342043-05:00,LIMA,LIMA,LIMA,5,5,0,,,,0,,
ocds-dgv273-seacev3-1240478,2026-09-23T10:18:07.326689-05:00,2026-08,1240478,CP-ABR-2-2026-MDSH/CS-1,"CONTRATACIÓN DE CONSULTORÍA DE OBRA: RENOVACION DE PUENTE EN EL (LA) CAMINO VECINAL R220753 NUEVO PROGRESO DISTRITO DE SHAMBOYACU, PROVINCIA DE PICOTA, DEPARTAMENTO DE SAN MARTIN",,Concurso Público Abreviado,services,107365.31,PEN,107365.31,2026-08-11T19:08:00-05:00,6.0,False,107365.31,PE-CONSUCODE-1820,MUNICIPALIDAD DISTRITAL DE SHAMBOYACU,2026-08,19,2026-08-12T10:30:48.319736-05:00,2026-09-23T10:18:07.326689-05:00,SAN MARTIN,PICOTA,SHAMBOYACU,6,6,1,90400.0,CONSORCIO SUPERVISOR NUEVO PROGRESO,PE-RUC-1823985,1,90400.0,2026-09-07T00:00:00-05:00
ocds-dgv273-seacev3-1241636,2026-09-23T10:18:07.308534-05:00,2026-08,1241636,LP-ABR-23-2026-CS-MM-1,ADQUISICION DE CONDUCTOR DE COBRE ELECTRICO TIPO N2XOH DE 7 HILOS PARA EL SISTEMA DE ALUMBRADO ORNAMENTAL DE LOS PARQUES DEL DISTRITO DE MIRAFLORES.,,Licitación Pública Abreviada,goods,1879200.0,PEN,1879200.0,2026-08-14T17:11:00-05:00,22.0,False,1879200.0,PE-CONSUCODE-1328,MUNICIPALIDAD DISTRITAL DE MIRAFLORES - LIMA,2026-08,24,2026-08-15T10:17:52.643638-05:00,2026-09-23T10:18:07.308534-05:00,LIMA,LIMA,MIRAFLORES,22,22,1,1050000.0,CONSORCIO ELECTRO H&M,PE-RUC-1827338,1,1050000.0,2026-09-21T00:00:00-05:00
ocds-dgv273-seacev3-1243702,2026-09-23T10:18:07.246227-05:00,2026-08,1243702,LP-ABR-7-2026-CS/MDSA-1,"ADQUISICION COMPLEMENTARIA DE BOLSAS POLIETILENO BIODEGRADABLES DE 140 LITROS PARA LA RECOLECCION DE RESIDUOS SOLIDOS EN CALLES, AVENIDAS Y ESPACIOS PUBLICOS",,Licitación Pública Abreviada,goods,484750.0,PEN,484750.0,2026-08-21T20:38:00-05:00,18.0,False,484750.0,PE-CONSUCODE-1343,MUNICIPALIDAD DISTRITAL DE SANTA ANITA,2026-08,20,2026-08-22T10:45:08.420872-05:00,2026-09-23T10:18:07.246227-05:00,LIMA,LIMA,SANTA ANITA,18,18,1,484500.0,CONSORCIO MAURIFER SAC/CORPORACION ASCHLOCK EIRL,PE-RUC-1828177,1,484500.0,2026-09-11T00:00:00-05:00
ocds-dgv273-seacev3-2026-2543-447,2026-09-23T10:18:07.239471-05:00,2026-08,1242609,LP-SM-7-2026-ESSALUD/RPL-1,ADQUISICIÓN DE REACTIVOS DE CITOMETRIA DE FLUJO CON EQUIPO EN CALIDAD DE COMODATO SERVICIO DE PATOLOGIA CLINICA HNAAA- RPL,open,Licitación Pública,goods,0.0,PEN,0.0,2026-08-19T18:47:00-05:00,,True,,PE-CONSUCODE-2543,SEGURO SOCIAL DE  SALUD,2026-08,10,2026-08-20T10:31:25.126306-05:00,2026-09-23T10:18:07.239471-05:00,LIMA,LIMA,JESUS MARIA,0,0,0,,,,0,,
ocds-dgv273-seacev3-1234346,2026-09-23T10:18:07.221994-05:00,2026-07,1234346,LP-ABR-7-2026-VIVIENDA-OGA-UE-1,ADQUISICIÓN DE SERVIDOR,,Licitación Pública Abreviada,goods,359000.0,PEN,359000.0,2026-07-15T21:21:00-05:00,31.0,False,,PE-CONSUCODE-200022,"MINISTERIO DE VIVIENDA, CONSTRUCCIÓN Y SANEAMIENTO - Administración General",2026-07,39,2026-07-16T10:26:15.266999-05:00,2026-09-23T10:18:07.221994-05:00,LIMA,LIMA,SAN ISIDRO,31,31,1,252500.0,TECH4ALLPERU SOCIEDAD ANONIMA CERRADA,PE-RUC-20507241400,0,,
ocds-dgv273-seacev3-1242262,2026-09-23T10:18:07.179698-05:00,2026-08,1242262,LP-ABR-115-2026-OC/GR  PUNO-2,"ADQUISICIÓN DE FILLER SILICO, SEGÚN REQUERIMIENTO Y ESPECIFICACIONES TECNICAS PARA LA META: MEJORAMIENTO DE LA CARRETERA PU 147, EMP. PE-341 JIPATA ¿ EMP. PE-341 MOHO, DISTRITO DE MOHO ¿ PROVINCIA DE MOHO ¿ DEPARTAMENTO DE PUNO.",,Licitación Pública Abreviada,goods,0.0,PEN,0.0,2026-08-25T19:45:00-05:00,,True,,PE-CONSUCODE-49,GOBIERNO REGIONAL DE PUNO SEDE CENTRAL,2026-08,9,2026-08-26T10:29:18.771874-05:00,2026-09-23T10:18:07.179698-05:00,PUNO,PUNO,PUNO,0,0,0,,,,0,,
ocds-dgv273-seacev3-1249992,2026-09-23T10:18:07.165513-05:00,2026-08,1249992,CP-ABR-1-2026-MDAU/CS-1,SUPERVISION DE OBRA: MEJORAMIENTO DE LA TRANSITABILIDAD VEHICULAR Y PEATONAL DE LA LOCALIDAD DE ULLULLUCO DEL DISTRITO DE ALFONSO UGARTE - PROVINCIA DE SIHUAS - DEPARTAMENTO DE ANCASH CON CUI 2472703,,Concurso Público Abreviado,services,164268.0,PEN,164268.0,2026-08-27T19:27:00-05:00,11.0,False,,PE-CONSUCODE-281,MUNICIPALIDAD DISTRITAL DE ALFONSO UGARTE,2026-08,3,2026-09-15T10:09:52.497519-05:00,2026-09-23T10:18:07.165513-05:00,ANCASH,SIHUAS,ALFONSO UGARTE,11,11,1,164268.0,CONSORCIO CONSULTORES,PE-RUC-1832141,0,,
ocds-dgv273-seacev3-1243859,2026-09-23T10:18:07.078493-05:00,2026-08,1243859,CP-ABR-21-2026-C-MPC-1,"CONCURSO PUBLICO ABREVIADO No 021-2026-C-MPC-1, para la CONTRATACION DEL SERVICIO DE RECOLECCION, TRANSPORTE Y DISPOSICION FINAL DE RESIDUOS NO PELIGROSOS (ORGANICOS) NO MUNICIPALES PARA LA ACTIVIDAD (0148) ¿ CAMAL MUNICIPAL",,Concurso Público Abreviado,services,97550.0,PEN,97550.0,2026-08-24T13:32:00-05:00,2.0,False,,PE-CONSUCODE-749,MUNICIPALIDAD PROVINCIAL DEL CUSCO,2026-08,12,2026-08-25T10:17:45.004544-05:00,2026-09-23T10:18:07.078493-05:00,CUSCO,CUSCO,CUSCO,2,2,1,119500.0,JC GLASS INGENIERIAS Y SOLUCIONES SOCIEDAD ANONIMA CERRADA,PE-RUC-20600533712,0,,
ocds-dgv273-seacev3-1239601,2026-09-23T10:18:07.071619-05:00,2026-08,1239601,SEL-PROC-8-2026-OTL / PETROPERU-2,SERVICIO DE ELABORACIÓN Y APROBACIÓN DE PLAN DE ABANDONO DE UN SISTEMA DE TRANSMISIÓN ELÉCTRICA DE 33 KV DESDE MALACAS HASTA REFINERÍA TALARA,open,Adjudicación Selectiva,services,0.0,PEN,0.0,2026-08-07T16:56:00-05:00,,True,,PE-CONSUCODE-2433,PETROLEOS DEL PERU S.A.,2026-08,13,2026-08-18T10:20:56.816390-05:00,2026-09-23T10:18:07.071619-05:00,LIMA,LIMA,SAN ISIDRO,0,0,0,,,,0,,
ocds-dgv273-seacev3-1232435,2026-09-23T10:18:07.046682-05:00,2026-07,1232435,CP-ABR-26-2026-GRA/GRTC-1,"MANTENIMIENTO PERIODICO DE LA VÍA DEPARTAMENTAL NO PAVIMENTADA AR-105; TRAMO: MAGHUANCA (KM 307+471) - HATUNHUASI - YURAJ YURAJ - HUARCAYA - CULIPAMPA (KM 421+530); PROVINCIA DE LA UNION, DEPARTAMENTO DE AREQUIPA. LONG. 114.059 KM",,Concurso Público Abreviado,services,5702950.0,PEN,5702950.0,2026-07-17T18:54:00-05:00,80.0,False,,PE-CONSUCODE-10419,GOBIERNO REGIONAL DE AREQUIPA - GERENCIA REGIONAL DE TRANSPORTES Y COMUNICACIONES,2026-07,33,2026-07-18T10:18:31.056273-05:00,2026-09-23T10:18:07.046682-05:00,AREQUIPA,AREQUIPA,PAUCARPATA,80,80,2,10835605.0,CONSORCIO VIAL CULIPAMPA | UNIVERSAL CONSULT E.I.R.L.,PE-RUC-1819163 | PE-RUC-20448447023,0,,
ocds-dgv273-seacev3-1242743,2026-09-23T10:18:06.964530-05:00,2026-08,1242743,LP-SM-1-2026-UTES N°6 S.P.T.-1,ADQUISICION DE REACTIVOS DE BIOQUIMICA CON EQUIPOS EN CESION DE USO PARA LA RED DE PATOLOGIA CLINICA DE LA RED DE SALUD TRUJILLO,open,Licitación Pública,goods,0.0,PEN,0.0,2026-08-19T16:16:00-05:00,,True,,PE-CONSUCODE-10510,GOBIERNO REGIONAL DE LA LIBERTAD-SALUD UTES TRUJILLO ESTE,2026-08,19,2026-08-20T10:31:25.179305-05:00,2026-09-23T10:18:06.964530-05:00,LA LIBERTAD,TRUJILLO,TRUJILLO,0,0,0,,,,0,,
ocds-dgv273-seacev3-1237956,2026-09-23T10:18:06.947624-05:00,2026-08,1237956,CP-ABR-1-2026-UNAJ/OC-1,"CONTRATACIÓN DE SERVICIO DE LIMPIEZA EDUCATIVA PARA LAS INSTALACIONES ADMNISTRATIVAS (OFICINA, LABORATORIO, AULAS, PASADIZOS Y SSHH) A TODO  COSTO DE LAS ESCUELAS PROFESIONALES EN LA SEDE AYABACAS, EDIFICIO ACADEMICO, EDIFICIO BIENESTAR UNIVERSITARIO Y AUDITORIUM MAGNO DE LA SEDE CAPILLA DE LA UNIVERSIDAD NACIONAL DE JULIACA.",,Concurso Público Abreviado,services,266000.0,PEN,266000.0,2026-08-03T15:33:00-05:00,29.0,False,,PE-CONSUCODE-200393,UNIVERSIDAD NACIONAL DE JULIACA,2026-08,16,2026-08-04T10:21:47.803070-05:00,2026-09-23T10:18:06.947624-05:00,PUNO,SAN ROMAN,JULIACA,29,29,1,199990.0,COMPANY OF INTERMEDIATION LABOR SOCIEDAD ANONIMA CERRADA - COMPANY OF INTERMEDIATION LABOR S.A.C.,PE-RUC-20603314752,0,,
ocds-dgv273-seacev3-1237527,2026-09-23T10:18:06.932016-05:00,2026-07,1237527,LP-ABR-10-2026-MDT/C-1,"CONTRATACION DE EJECIUCION DE OBRA: : ¿RENOVACION DE PUENTE; EN EL(LA) CAMINO VECINAL CA-659. EMP. CA-657 - LA BERMEJA (PUENTE SAN JUAN)- SAN JUAN-LOS OLIVOS EN EL CENTRO POBLADO LA BERMEJA, DISTRITO DE TABACONAS, PROVINCIA SAN IGNACIO, DEPARTAMENTO CAJAMARCA¿ 2677560",,Licitación Pública Abreviada,works,1896088.14,PEN,1896088.14,2026-07-31T16:41:00-05:00,7.0,False,1896088.14,PE-CONSUCODE-706,MUNICIPALIDAD DISTRITAL DE TABACONAS,2026-07,12,2026-08-01T10:19:37.329767-05:00,2026-09-23T10:18:06.932016-05:00,CAJAMARCA,SAN IGNACIO,TABACONAS,7,7,1,1760539.79,CONSORCIO CARPIO,PE-RUC-1820275,1,1760539.79,2026-08-24T00:00:00-05:00
ocds-dgv273-seacev3-1232763,2026-09-23T10:18:06.915180-05:00,2026-07,1232763,LP-SM-73-2026-ESSALUD/CEABE-1,"CONTRATACIÓN DEL SUMINISTRO DE OXÍGENO MEDICINAL 99-100% (PUREZA) GAS COMPRIMIDO PARA EL PROGRAMA DE ATENCIÓN DOMICILIARIA (PADOMI) Y CONTROL POST HOSPITALARIO ESPECIALIZADO (COPHOES) DE LAS REDES ASISTENCIALES DE ESSALUD LAMBAYEQUE, LA LIBERTAD, ANCASH Y AREQUIPA",open,Licitación Pública,goods,0.0,PEN,0.0,2026-07-09T22:51:00-05:00,,True,,PE-CONSUCODE-2543,SEGURO SOCIAL DE  SALUD,2026-07,12,2026-07-10T10:42:11.927996-05:00,2026-09-23T10:18:06.915180-05:00,LIMA,LIMA,JESUS MARIA,0,0,1,2996992.8,,,0,,
ocds-dgv273-seacev3-2026-2543-674,2026-09-23T10:18:06.895611-05:00,2026-08,1245807,LP-SM-1-2026-ESSALUD/RAPUNO-1,"ADQUISICIÓN DE REACTIVOS DE BIOQUIMICA CON EQUIPO EN CESIÓN DE USO, PARA EL SERVICIO DE PATOLOGIA CLINICA Y ANATOMIA PATOLOGICA DEL HOSPITAL BASE III PUNO",open,Licitación Pública,goods,0.0,PEN,0.0,2026-08-31T15:07:00-05:00,,True,,PE-CONSUCODE-2543,SEGURO SOCIAL DE  SALUD,2026-08,13,2026-09-01T10:23:58.194500-05:00,2026-09-23T10:18:06.895611-05:00,LIMA,LIMA,JESUS MARIA,0,0,0,,,,0,,
ocds-dgv273-seacev3-1244929,2026-09-23T10:18:06.875961-05:00,2026-08,1244929,LP-SM-1-2026-COMITE/MDP-1,CONTRATACIÓN DE MALLA GANADERA CON POSTES METÁLICOS PARA EL PROYECTO: MEJORAMIENTO DE LOS SERVICIOS DE APOYO AL DESARROLLO PRODUCTIVO EN LA CADENA PRODUCTIVA DE ALPACAS DEL DISTRITO DE PITUMARCA DE LA PROVINCIA DE CANCHIS DEL DEPARTAMENTO DE CUSCO,open,Licitación Pública,goods,0.0,PEN,0.0,2026-08-26T20:41:00-05:00,,True,,PE-CONSUCODE-793,MUNICIPALIDAD DISTRITAL DE PITUMARCA,2026-08,22,2026-08-27T10:33:26.106349-05:00,2026-09-23T10:18:06.875961-05:00,CUSCO,CANCHIS,PITUMARCA,0,0,0,,,,0,,
ocds-dgv273-seacev3-1234376,2026-09-23T10:18:06.861880-05:00,2026-07,1234376,CP-ABR-6-2025-OEFA-3,CONTRATACIÓN DEL SERVICIO DE ENSAYO DE MUESTRAS DE CALIDAD DE AIRE,,Concurso Público Abreviado,services,1990100.0,PEN,1990100.0,2026-07-15T23:33:00-05:00,9.0,False,,PE-CONSUCODE-200276,ORGANISMO DE EVALUACION Y FISCALIZACION AMBIENTAL,2026-07,43,2026-07-16T10:26:15.298772-05:00,2026-09-23T10:18:06.861880-05:00,LIMA,LIMA,SAN ISIDRO,9,9,1,1502726.5,SGS DEL PERU S.A.C.,PE-RUC-20100114349,0,,
ocds-dgv273-seacev3-2026-200520-11,2026-09-23T10:18:06.778062-05:00,2026-07,1236806,CP-ABR-5-2026-CSJCL/PJ-1,SERVICIO DE LIMPIEZA Y PINTADO DE FACHADAS,,Concurso Público Abreviado,services,0.0,PEN,0.0,2026-07-24T16:57:00-05:00,85.0,True,,PE-CONSUCODE-200520,CORTE SUPERIOR DE JUSTICIA DEL CALLAO,2026-07,34,2026-07-25T10:12:55.669004-05:00,2026-09-23T10:18:06.778062-05:00,CALLAO,CALLAO,CALLAO,85,85,1,113900.0,CONTRATISTAS Y CONSULTORES RIMBALDO EMPRESA INDIVIDUAL DE RESPONSABILIDAD LIMITADA,PE-RUC-20601080436,0,,
ocds-dgv273-seacev3-1243113,2026-09-23T10:18:06.731397-05:00,2026-08,1243113,CONV-PROC-18-2026-UNALM-1,ADQUISICION DE DOS (02) MICROESTACIONES METEOROLOGICAS PARA EL LABORATORIO DE MICROBIANA Y BIOTECNOLOGIA DE LA UNIVERSIDAD NACIONAL AGRARIA DE LA MOLINA,open,Convenio,goods,8500.0,PEN,8500.0,2026-08-20T17:43:00-05:00,3.0,False,,PE-CONSUCODE-1886,UNIVERSIDAD NACIONAL AGRARIA LA MOLINA,2026-08,17,2026-08-21T10:31:12.064243-05:00,2026-09-23T10:18:06.731397-05:00,LIMA,LIMA,LA MOLINA,3,3,1,8500.0,TECNOMAB SOLUCIONES GENERALES S.A.C. - TECNOMAB S.A.C.,PE-RUC-20551759696,0,,
ocds-dgv273-seacev3-1238495,2026-09-23T10:18:06.714795-05:00,2026-08,1238495,CP SER-SM-2-2026-SIMA PERU-1,SERVICIO DE LIMPIEZA Y SEGREGACION DE RESIDUOS DEL ASTILLERO,,Concurso Público de Servicios,services,537409.88,PEN,537409.88,2026-08-04T11:50:00-05:00,23.0,False,,PE-CONSUCODE-2439,SERVICIO INDUSTRIAL DE LA MARINA S.A.,2026-08,30,2026-08-05T10:26:24.210190-05:00,2026-09-23T10:18:06.714795-05:00,CALLAO,CALLAO,CALLAO,23,23,1,419997.72,FAMAX SERVICES S.A.C.,PE-RUC-20600782216,0,,
ocds-dgv273-seacev3-1242105,2026-09-23T10:18:06.708122-05:00,2026-08,1242105,LP-ABR-18-2026-DEVIDA-1,"ADQUISICIÓN DE MELAZA DE CAÑA PARA LA ACTIVIDAD ¿ASISTENCIA TÉCNICA PARA LA DIVERSIFICACIÓN PRODUCTIVA DE BIENES Y SERVICIOS ALTERNATIVOS SOSTENIBLES CÍTRICOS-CAFÉ-PLÁTANO-CACAO¿, EN EL ÁMBITO DE LA OFICINA ZONAL TARAPOTO",,Licitación Pública Abreviada,goods,0.0,PEN,0.0,2026-08-17T19:52:00-05:00,,True,,PE-CONSUCODE-10141,COMISIÓN NACIONAL PARA EL DESARROLLO Y VIDA SIN DROGAS - DEVIDA,2026-08,28,2026-08-18T10:20:58.759461-05:00,2026-09-23T10:18:06.708122-05:00,LIMA,LIMA,MIRAFLORES,0,0,0,,,,0,,
ocds-dgv273-seacev3-1234009,2026-09-23T10:18:06.694096-05:00,2026-07,1234009,SIE-SIE-1-2026-MPY/DEC-1,"CONTRATACIÓN DE SUMINISTRO DE COMBUSTIBLE (DIESEL B5 S-50 Y GASOHOL REGULAR) PARA LAS UNIDADES VEHICULARES Y MAQUINARIAS DE LA MUNICIPALIDAD PROVINCIAL DE YUNGAY, PERIODO 2026.",open,Subasta Inversa Electrónica,goods,386242.21,PEN,386242.21,2026-07-08T22:31:00-05:00,4.0,False,386242.21,PE-CONSUCODE-289,MUNICIPALIDAD PROVINCIAL DE YUNGAY,2026-07,10,2026-07-16T10:26:15.107183-05:00,2026-09-23T10:18:06.694096-05:00,ANCASH,YUNGAY,YUNGAY,4,4,1,330261.5,CORPORACION SAN ROQUE S.A.C.,PE-RUC-20571376149,1,330261.5,2026-08-07T00:00:00-05:00
ocds-dgv273-seacev3-1235318,2026-09-23T10:18:06.669850-05:00,2026-07,1235318,SIE-SIE-50-2026-ESSALUD/CEABE-1,"CONTRATACIÓN DEL SUMINISTRO DE ROPA HOSPITALARIA, PARA LOS ESTABLECIMIENTOS DE SALUD DE ESSALUD, PARA ABASTECER POR DOCE (12) MESES - 07 ITEMS",open,Subasta Inversa Electrónica,goods,1766858.78,PEN,1766858.78,2026-07-20T21:43:00-05:00,9.0,False,,PE-CONSUCODE-2543,SEGURO SOCIAL DE  SALUD,2026-07,25,2026-07-21T10:16:37.078318-05:00,2026-09-23T10:18:06.669850-05:00,LIMA,LIMA,JESUS MARIA,9,9,4,1205454.8,CRUZ GANTU GUSTAVO | DISTRIBUCIONES Y REPRESENTACIONES MUJICA SOCIEDAD COMERCIAL DE RESPONSABILIDAD LIMITADA | JORGE PEÑA S A JORPESA | MANUFACTURAS YOU MILL S.A.C.,PE-RUC-10323015711 | PE-RUC-20101015492 | PE-RUC-20198988490 | PE-RUC-20513344181,0,,
ocds-dgv273-seacev3-1250066,2026-09-23T10:18:06.624659-05:00,2026-07,1250066,LP-ABR-15-2026-SEDAPAR-1,"EJECUCIÓN DE OBRA PARA EL PROYECTO INSTALACION DE LOS SERVICIOS DE ALCANTARILLADO EN LA CALLE PRIMAVERA Y AVENIDA CARACAS, DISTRITO DE JOSE LUIS BUSTAMANTE Y RIVERO - AREQUIPA - AREQUIPA",,Licitación Pública Abreviada,works,899117.38,PEN,899117.38,2026-07-06T14:32:00-05:00,31.0,False,,PE-CONSUCODE-2384,SERVICIO DE AGUA POTABLE Y ALCANTARILLADO DE AREQUIPA,2026-07,3,2026-09-16T10:19:14.842318-05:00,2026-09-23T10:18:06.624659-05:00,AREQUIPA,AREQUIPA,AREQUIPA,31,31,1,854161.53,CONSORCIO JY,PE-RUC-1832361,0,,
ocds-dgv273-seacev3-1240746,2026-09-23T10:18:06.559997-05:00,2026-08,1240746,LP-ABR-1-2026-MDO-CE-1,"EJECUCION DE OBRA CREACIÓN DE SERVICIOS PÚBLICOS URBANOS EN EL PARQUE INFANTIL DEL CENTRO POBLADO SORRONTO VIRÚ, DISTRITO DE OYOTÚN DE LA PROVINCIA DE CHICLAYO, DEPARTAMENTO DE LAMBAYEQUE¿, con CUI N° 2685434",,Licitación Pública Abreviada,works,445033.37,PEN,445033.37,2026-08-13T21:27:00-05:00,11.0,False,445033.37,PE-CONSUCODE-1281,MUNICIPALIDAD DISTRITAL DE OYOTUN,2026-08,19,2026-08-14T10:33:31.683496-05:00,2026-09-23T10:18:06.559997-05:00,LAMBAYEQUE,CHICLAYO,OYOTUN,11,11,1,445033.37,CONSORCIO INGENIERIA,PE-RUC-1824140,1,445033.37,2026-09-15T00:00:00-05:00
ocds-dgv273-seacev3-1241304,2026-09-23T10:18:06.545503-05:00,2026-08,1241304,LP-ABR-26-2026-INSNSB-1,SUMINISTRO DEL PRODUCTO FARMACÉUTICO: BRIVARACETAM 50 MG TABLETA,,Licitación Pública Abreviada,goods,0.0,PEN,0.0,2026-08-13T18:28:00-05:00,,True,,PE-CONSUCODE-200551,INSTITUTO NACIONAL DE SALUD DEL NIÑO - SAN BORJA,2026-08,13,2026-08-14T10:33:32.024593-05:00,2026-09-23T10:18:06.545503-05:00,LIMA,LIMA,SAN BORJA,0,0,0,,,,0,,
ocds-dgv273-seacev3-1244016,2026-09-23T10:18:06.524593-05:00,2026-08,1244016,LP-ABR-60-2026-GRAP/OC-1,"ADQUISICION, FABRICACION E INSTALACION DE VENTANAS, MURO CORTINA, MAMPARAS Y PUERTAS A TODO COSTO PARA EL PROYECTO ""MEJORAMIENTO DE LOS SERVICIOS DE ADMINISTRACIÓN DE JUSTICIA EN SEDE JUDICIAL DE CURAHUASI DISTRITO DE CURAHUASI DE LA PROVINCIA DE ABANCAY DEL DEPARTAMENTO DE APURIMAC""",,Licitación Pública Abreviada,goods,264686.53,PEN,264686.53,2026-08-24T18:40:00-05:00,11.0,False,,PE-CONSUCODE-2009,GOBIERNO REGIONAL DE APURIMAC SEDE CENTRAL,2026-08,17,2026-08-25T10:17:45.057981-05:00,2026-09-23T10:18:06.524593-05:00,APURIMAC,ABANCAY,ABANCAY,11,11,1,132000.0,J&M GLASS EMPRESA INDIVIDUAL DE RESPONSABILIDAD LIMITADA,PE-RUC-20603234422,0,,
ocds-dgv273-seacev3-1241078,2026-09-23T10:18:06.484355-05:00,2026-08,1241078,CP-ABR-18-2026-MPH-BCA/C-1,CONTRATACION DEL SERVICIO DE CONSULTORIA DE OBRA PARA LA SUPERVISION DE LA OBRA: MEJORAMIENTO DEL SERVICIO DE MOVILIDAD URBANA EN JR. ANTONIO VÁSQUEZ CUADRA 1- 2 Y CALLE EL COMERCIO CUADRA 1 EN EL BARRIO AGOMARCA BAJO DEL DISTRITO DE BAMBAMARCA DE LA PROVINCIA DE HUALGAYOC DEL DEPARTAMENTO DE CAJAMA,,Concurso Público Abreviado,services,95774.7,PEN,95774.7,2026-08-25T13:02:00-05:00,,True,,PE-CONSUCODE-685,MUNICIPALIDAD PROVINCIAL DE HUALGAYOC - BAMBAMARCA,2026-08,11,2026-08-26T10:29:17.304847-05:00,2026-09-23T10:18:06.484355-05:00,CAJAMARCA,HUALGAYOC,BAMBAMARCA,0,0,0,,,,0,,
ocds-dgv273-seacev3-2026-1962-24,2026-09-23T10:18:06.477439-05:00,2026-08,1244781,CP SER-SM-3-2026-INGEMMET/C-1,SERVICIO DE SEGURIDAD Y VIGILANCIA A NIVEL INSTITUCIONAL PARA EL INGEMMET,,Concurso Público de Servicios,services,0.0,PEN,0.0,2026-08-26T17:30:00-05:00,,True,,PE-CONSUCODE-1962,"INSTITUTO GEOLOGICO, MINERO Y METALURGICO",2026-08,21,2026-08-27T10:33:26.042369-05:00,2026-09-23T10:18:06.477439-05:00,LIMA,LIMA,SAN BORJA,0,0,0,,,,0,,
ocds-dgv273-seacev3-1250152,2026-09-23T10:18:06.470492-05:00,2026-08,1250152,CP-ABR-5-2026-MDL/C-2,"CONTRATACIÓN DE SERVICIO INTEGRAL DE FABRICACIÓN, SUMINISTRO E INSTALACIÓN DE CERCO PERIMÉTRICO CON MALLA OLÍMPICA GALVANIZADA Y PUERTAS METÁLICAS, ESTRUCTURAS METÁLICAS, COBERTURA DE TEJA ANDINA CON CANALETAS PLUVIALES, BARANDAS METÁLICAS PARA TRIBUNAS Y ESCALERAS, ARCOS DE FÚTBOL REGLAMENTARIOS Y",,Concurso Público Abreviado,services,0.0,PEN,0.0,2026-08-24T10:35:00-05:00,,True,,PE-CONSUCODE-776,MUNICIPALIDAD DISTRITAL DE LARES,2026-08,6,2026-09-16T10:19:17.595822-05:00,2026-09-23T10:18:06.470492-05:00,CUSCO,CALCA,LARES,0,0,0,,,,0,,
ocds-dgv273-seacev3-1246029,2026-09-23T10:18:06.418301-05:00,2026-08,1246029,CP-ABR-4-2026-MDSMCH-1,"CONTRATACIÓN DEL SERVICIO DE CONSULTORÍA DE OBRA PARA LA SUPERVISIÓN DE LA OBRA: ¿MEJORAMIENTO DEL SERVICIO DE AGUA POTABLE RURAL Y CREACION DEL SERVICIO DE ALCANTARILLADO U OTRAS FORMAS DE DISPOSICION SANITARIA DE EXCRETAS EN LAS LOCALIDADES DE CCOCHAHUAYCCO, ALEJO PATA, MARAYPAMPA Y CHICHUCANCHA D",,Concurso Público Abreviado,services,246272.31,PEN,246272.31,2026-08-31T21:18:00-05:00,8.0,False,,PE-CONSUCODE-338,MUNICIPALIDAD DISTRITAL DE SANTA MARIA DE CHICMO,2026-08,14,2026-09-01T10:23:57.289632-05:00,2026-09-23T10:18:06.418301-05:00,APURIMAC,ANDAHUAYLAS,SANTA MARIA DE CHICMO,8,8,1,221645.08,CONSULTORES & CONTRATISTAS GENERALES FOREPT S.A.C.,PE-RUC-20494883865,0,,
ocds-dgv273-seacev3-1239902,2026-09-23T10:18:06.404125-05:00,2026-08,1239902,DIRECTA-DIRECTA-10-2026-MDCC-1,"CONTRATACIÓN PARA EL DISEÑO Y CONTRUCCION DE LA OBRA ¿ IOARR, POR PAQUETE: CUIs 2733035 , 2733037, 2733066",direct,Contratación Directa,works,1761258.37,PEN,1761258.37,2026-08-12T15:13:00-05:00,2.0,False,,PE-CONSUCODE-399,MUNICIPALIDAD DISTRITAL DE CERRO COLORADO,2026-08,6,2026-08-13T10:28:41.459114-05:00,2026-09-23T10:18:06.404125-05:00,AREQUIPA,AREQUIPA,CERRO COLORADO,2,2,1,1761258.37,CONSORCIO G Y A,PE-RUC-1822599,0,,
ocds-dgv273-seacev3-2026-2407-14,2026-09-23T10:18:06.397479-05:00,2026-08,1239686,LP-ABR-1-2026-ELSE-1,"SALDO DE OBRA: RENOVACION DE RED PRIMARIA Y RED SECUNDARIA; EN EL(LA) LOCALIDADES DE MAZUKO, VIRGEN DE LA CANDELARIA, ALTO LIBERTAD, NUEVA AREQUIPA Y UNION PROGRESO DEL DISTRITO DE INAMBARI, PROVINCIA TAMBOPATA, DEPARTAMENTO MADRE DE DIOS¿",,Licitación Pública Abreviada,works,3257239.07,PEN,3257239.07,2026-08-10T11:22:00-05:00,,True,,PE-CONSUCODE-2407,EMPRESA REGIONAL DE SERVICIOS PUBLICOS DE ELECTRICIDAD DEL SUR ESTE S.A.,2026-08,26,2026-08-11T10:16:25.324569-05:00,2026-09-23T10:18:06.397479-05:00,CUSCO,CUSCO,SANTIAGO,0,0,0,,,,0,,
ocds-dgv273-seacev3-1244368,2026-09-23T10:18:06.308865-05:00,2026-08,1244368,DIRECTA-DIRECTA-7-2026-UNAJ/DEC-1,CONTRATACION DE PROCEDIMIENTO DE SELECCIÓN NO COMPETITIVO POR LA CAUSAL DE SITUACION DE DESABASTECIMIENTO PARA EL SERVICIO DE ALIMENTACION PARA ESTUDIANTES BENEFICIARIOS CON BECA DE ALIMENTOS DE LA UNIVERSIDAD NACIONAL DE JULIACA - SEMESTRE ACADEMICO 2026-II,direct,Contratación Directa,services,504696.0,PEN,504696.0,2026-08-25T22:51:00-05:00,1.0,False,504696.0,PE-CONSUCODE-200393,UNIVERSIDAD NACIONAL DE JULIACA,2026-08,6,2026-08-26T10:29:20.789511-05:00,2026-09-23T10:18:06.308865-05:00,PUNO,SAN ROMAN,JULIACA,1,1,1,504696.0,CONSORCIO ANDES,PE-RUC-1825371,1,504696.0,2026-09-01T00:00:00-05:00
ocds-dgv273-seacev3-1238298,2026-09-23T10:18:06.301999-05:00,2026-08,1238298,LP-SM-5-2026-ELPU-1,ADQUISICIÓN DE MEDIDORES MULTIFUNCIÓN PARA GRANDES CLIENTES,open,Licitación Pública,goods,0.0,PEN,0.0,2026-08-03T19:06:00-05:00,,True,,PE-CONSUCODE-2541,EMPRESA DE SERVICIOS PUBLICOS DE ELECTRICIDAD PUNO  S.A.A.,2026-08,20,2026-08-04T10:21:47.974739-05:00,2026-09-23T10:18:06.301999-05:00,PUNO,PUNO,PUNO,0,0,0,,,,0,,
ocds-dgv273-seacev3-1224465,2026-09-23T10:18:06.274428-05:00,2026-06,1224465,DIRECTA-DIRECTA-1-2026-MDSL-1,ADQUISICION DE RETROEXCAVADORA,direct,Contratación Directa,goods,615040.0,PEN,615040.0,2026-09-10T17:29:00-05:00,1.0,False,615040.0,PE-CONSUCODE-1711,MUNICIPALIDAD DISTRITAL DE SANTA LUCIA - LAMPA,2026-06,5,2026-09-11T10:24:20.087770-05:00,2026-09-23T10:18:06.274428-05:00,PUNO,LAMPA,SANTA LUCIA,1,1,1,591870.3,UNIMAQ S.A.,PE-RUC-20100027021,1,591870.3,2026-09-16T00:00:00-05:00
ocds-dgv273-seacev3-2026-22-13,2026-09-23T10:18:06.261204-05:00,2026-08,1241315,CP-ABR-6-2026-MINSA-1,CONTRATACIÓN DEL SERVICIO DE MANTENIMIENTO PREVENTIVO DE EQUIPO DE AIRE ACONDICIONADO DE LA SEDE CENTRAL Y DEPENDENCIAS,,Concurso Público Abreviado,services,0.0,PEN,0.0,2026-08-13T19:02:00-05:00,,True,,PE-CONSUCODE-22,MINISTERIO DE SALUD,2026-08,34,2026-08-14T10:33:32.031112-05:00,2026-09-23T10:18:06.261204-05:00,LIMA,LIMA,JESUS MARIA,0,0,0,,,,0,,
ocds-dgv273-seacev3-1245549,2026-09-23T10:18:06.240287-05:00,2026-08,1245549,CP-ABR-2-2026-DEC/SATH-1,CONTRATACION DEL SERVICIO DE SEGURIDAD Y VIGILANCIA INSTITUCIONAL PARA LAS OFICINAS INSTITUCIONALES DEL SATH,,Concurso Público Abreviado,services,332394.0,PEN,332394.0,2026-08-28T15:20:00-05:00,12.0,False,,PE-CONSUCODE-200112,SERVICIO DE ADMINISTRACION TRIBUTARIA DE HUANCAYO,2026-08,20,2026-08-29T10:11:47.537013-05:00,2026-09-23T10:18:06.240287-05:00,JUNIN,HUANCAYO,HUANCAYO,12,12,1,332196.66,JAGUAR PROTECTOR COMPANY S.A.C.,PE-RUC-20608823337,0,,
ocds-dgv273-seacev3-1252070,2026-09-23T10:18:06.233085-05:00,2026-07,1252070,LP-ABR-5-2026-OEFA-2,ADQUISICION DE SISTEMA DE AERONAVE PILOTEADA A DISTANCIA (RPAS) CON SENSOR LIDAR  (CUI 2647972),,Licitación Pública Abreviada,goods,0.0,PEN,0.0,2026-07-06T19:46:00-05:00,,True,,PE-CONSUCODE-200276,ORGANISMO DE EVALUACION Y FISCALIZACION AMBIENTAL,2026-07,1,2026-09-23T10:18:06.233085-05:00,2026-09-23T10:18:06.233085-05:00,LIMA,LIMA,SAN ISIDRO,0,0,0,,,,0,,
ocds-dgv273-seacev3-1245932,2026-09-23T10:18:06.179093-05:00,2026-08,1245932,CP-ABR-15-2026-MDEA/DEC-2,"CONTRATACION DEL SERVICIO DE  IMPLEMENTACION DE PANEL SOLAR CON PROVISION DE BIENES, EQUIPOS Y ACCESORIOS, para la ejecución del proyecto denominado ""MEJORAMIENTO DE LOS SERVICIOS DE APOYO AL DESARROLLO PRODUCTIVO EN LOS SECTORES DE OSMORE  CHIRIBAYA DEL VALLE ALGARROBAL MEDIANTE VIVEROS HIDROPONICO",,Concurso Público Abreviado,services,132000.0,PEN,132000.0,2026-08-31T16:51:00-05:00,6.0,False,,PE-CONSUCODE-1555,MUNICIPALIDAD DISTRITAL DE EL ALGARROBAL,2026-08,15,2026-09-01T10:23:57.153764-05:00,2026-09-23T10:18:06.179093-05:00,MOQUEGUA,ILO,EL ALGARROBAL,6,6,1,131950.0,INNOVA SOLAR E.I.R.L.,PE-RUC-20607274810,0,,
ocds-dgv273-seacev3-1245247,2026-09-23T10:18:06.172319-05:00,2026-08,1245247,LP-ABR-66-2026-C-MPC-1,"CONTRATACION DE EQUIPAMIENTO BIOMEDICO DE ODONTOLOGIA PARA EL PROYECTO (0173) MEJORAMIENTO Y AMPLIACION DE LA PRESTACION DEL SERVICIO DE SALUD DEL ESTABLECIEMIENTO DE SALUD DE SAN PEDRO APV. PICCHU ALTO, DISTRITO DE CUSCO, PROVINCIA DE CUSCO - CUSCO",,Licitación Pública Abreviada,goods,0.0,PEN,0.0,2026-08-26T17:22:00-05:00,,True,,PE-CONSUCODE-749,MUNICIPALIDAD PROVINCIAL DEL CUSCO,2026-08,15,2026-08-28T10:30:32.438786-05:00,2026-09-23T10:18:06.172319-05:00,CUSCO,CUSCO,CUSCO,0,0,0,,,,0,,
ocds-dgv273-seacev3-1249842,2026-09-23T10:18:06.142090-05:00,2026-08,1249842,CP-ABR-2-2026-MDP/CS-1,"CONTRATACIÓN DE LOS SERVICIOS DE SUMINISTRO E INSTALACIÓN DE COBERTURA, TECHADO Y OTROS TRABAJOS RELACIONADOS A LA ESTRUCTURA METÁLICA PARA LA EJECUCION DEL PROYECTO IOARR: RENOVACION DE INFRAESTRUCTURA DEPORTIVA; EN EL(LA) DEL COMPLEJO RECREATIVO, DEPORTIVO Y CULTURAL LEONIDAS SANCHEZ DEL DISTRITO",,Concurso Público Abreviado,services,320000.0,PEN,320000.0,2026-08-28T20:16:00-05:00,20.0,False,,PE-CONSUCODE-1708,MUNICIPALIDAD DISTRITAL DE PALCA - LAMPA,2026-08,6,2026-09-15T10:09:52.379104-05:00,2026-09-23T10:18:06.142090-05:00,PUNO,LAMPA,PALCA,20,20,1,320000.0,CONSORCIO S & G,PE-RUC-1833831,0,,
ocds-dgv273-seacev3-2026-80812-20,2026-09-23T10:18:06.101249-05:00,2026-08,1245479,LP-ABR-9-2026-EPS MARAÑON S.A-2,"ADQUISICION DE MACROMEDIDORES E INSTALACION Y PUESTA EN FUNCIONAMIENTO, EN LA SALIDA DE LOS RESERVORIOS DE AGUA POTABLE ¿ LOCALIDAD DE JAÉN ¿ SAN IGNACIO Y BELLAVISTA CENTRO",,Licitación Pública Abreviada,goods,0.0,PEN,0.0,2026-08-28T12:23:00-05:00,26.0,True,,PE-CONSUCODE-202225,EMPRESA PRESTADORA DE SERVICIOS DE SANEAMIENTO MARAÑON S.R.L.,2026-08,34,2026-06-19T10:29:38.091485-05:00,2026-09-23T10:18:06.101249-05:00,CAJAMARCA,JAEN,JAEN,26,26,0,,,,0,,
ocds-dgv273-seacev3-1245462,2026-09-23T10:18:06.091931-05:00,2026-06,1245462,LP-ABR-1-2026-IREN NORTE/CS-1,ADQUISICION DE HEMOGRAMA AUTOMATIZADO DIFERENCIAL 5 ESTIRPES CON EQUIPO COMODATO PARA EL DEPARTAMENTO DE PATOLOGIA CLINICA DEL INSTITUTO REGIONAL DE ENFERMEDADES NEOPLASICAS DR.LUIS PINILLOS GANOZA - IREN NORTE,,Licitación Pública Abreviada,goods,264000.0,PEN,264000.0,2026-06-03T12:38:00-05:00,13.0,False,,PE-CONSUCODE-200242,GOBIERNO REGIONAL DE LA LIBERTAD - INST.REG.DE ENFERMEDADES NEOPLASICAS LUIS PINILLOS GANOZA,2026-06,13,2026-08-29T10:11:47.472361-05:00,2026-09-23T10:18:06.091931-05:00,LA LIBERTAD,TRUJILLO,MOCHE,13,13,1,136800.0,SIMED PERU S.A.C.,PE-RUC-20553853355,0,,
ocds-dgv273-seacev3-1245364,2026-09-23T10:18:06.027597-05:00,2026-08,1245364,CP-ABR-36-2026-EP/UO 0770-1,CONTRATACIÓN DEL SERVICIO DE MANTENIMIENTO PREVENTIVO DE LOS ASCENSORES DE LA TORRE CENTRAL DEL CUARTEL GENERAL DEL EJÉRCITO AF-2026,,Concurso Público Abreviado,services,68500.0,PEN,68500.0,2026-08-27T23:29:00-05:00,21.0,False,,PE-CONSUCODE-10247,EJERCITO PERUANO,2026-08,18,2026-08-28T10:30:32.477569-05:00,2026-09-23T10:18:06.027597-05:00,LIMA,LIMA,SAN BORJA,21,21,1,68199.29,CASA LOS CONSTRUCTORES S.A.C.,PE-RUC-20459153871,0,,
ocds-dgv273-seacev3-1245350,2026-09-23T10:18:06.012898-05:00,2026-08,1245350,CP-ABR-3-2026-MPSM-1,"CONTRATACIÓN DE CONSULTORÍA DE OBRA PARA LA SUPERVISIÓN DE OBRA DEL PROYECTO: ¿MEJORAMIENTO DEL SERVICIO DE TRANSITABILIDAD VEHICULAR Y PEATONAL EN EL SECTOR MOLLORCO ¿ CIUDAD DE SAN MARCOS, DISTRITO PEDRO GÁLVEZ ¿ SAN MARCOS ¿ CAJAMARCA¿, CON CÓDIGO ÚNICO DE INVERSIÓN CON CUI N° 2469186",,Concurso Público Abreviado,services,415407.14,PEN,415407.14,2026-08-27T20:48:00-05:00,10.0,False,,PE-CONSUCODE-735,MUNICIPALIDAD PROVINCIAL DE SAN MARCOS - PEDRO GALVEZ,2026-08,10,2026-08-28T10:30:32.471187-05:00,2026-09-23T10:18:06.012898-05:00,CAJAMARCA,SAN MARCOS,PEDRO GALVEZ,10,10,1,415406.93,CONSORCIO SUPERVISOR SAN MARCOS,PE-RUC-1829555,0,,
ocds-dgv273-seacev3-1238502,2026-09-23T10:18:06.006224-05:00,2026-08,1238502,CP CON-SM-8-2026-GRP-GRI-C-1,"SUPERVISION DEL SERVICIO DE SISTEMA DE ENTREGA DE DISEÑO Y CONTRUCCION Y SISTEMA DE GESTION BAJO LA METODOLOGIA FAST TRACK:MEJORAMIENTO DEL SERVICIO DE EDUCACIÓN PRIMARIA, SERVICIO DE EDUACION SECUNDARIA Y SERVICIO DE EDUACION BASICA ALTERNATIVA EN I.E SAN MIGUEL DE PIURA, CUI N°2695858.",,Concurso Público para Consultoría,services,1281508.56,PEN,1281508.56,2026-08-04T18:28:00-05:00,,True,,PE-CONSUCODE-48,GOBIERNO REGIONAL DE PIURA SEDE CENTRAL,2026-08,28,2026-08-05T10:26:23.283535-05:00,2026-09-23T10:18:06.006224-05:00,PIURA,PIURA,PIURA,0,0,0,,,,0,,
ocds-dgv273-seacev3-1247367,2026-09-23T10:18:05.989531-05:00,2026-08,1247367,CP-ABR-10-2026-MPHI/C-1-1,"¿MANTENIMIENTO DEL SISTEMA DE RIEGO TECNIFICADO EN LA LOCALIDAD DE POMACANCHA, CENTRO POBLADO DE HUAMANTANGA, DISTRITO DE HUARI, PROVINCIA DE HUARI, DEPARTAMENTO DE ÁNCASH¿",,Concurso Público Abreviado,services,197176.62,PEN,197176.62,2026-08-19T19:07:00-05:00,11.0,False,197176.62,PE-CONSUCODE-211,MUNICIPALIDAD PROVINCIAL DE HUARI,2026-08,4,2026-09-04T13:58:16.399465-05:00,2026-09-23T10:18:05.989531-05:00,ANCASH,HUARI,HUARI,11,11,1,197100.0,CONSORCIO POMACANCHA,PE-RUC-1828207,1,197100.0,2026-09-10T00:00:00-05:00
ocds-dgv273-seacev3-1244189,2026-09-23T10:18:05.982619-05:00,2026-08,1244189,LP-ABR-5-2026-MDC-2,"ADQUISICION  E INSTALACION DE GEOMEMBRANA HDP PARA LA OBRA CREACION DEL SERVICIO DE GESTION INTEGRADA DE RECURSOS HIDRICOS MEDIANTE LA COSECHA DE AGUAS PLUVIALES EN LOS SECTORES DE CORANE, JANA CANCHA Y HUMAHUALA EN LA COMUNDAD CAMPESINA DE COTAHUASI DEL DISTRITO DE COPORAQUE - PROVINCIA DE ESPINAR",,Licitación Pública Abreviada,goods,0.0,PEN,0.0,2026-08-25T14:23:00-05:00,,True,,PE-CONSUCODE-807,MUNICIPALIDAD DISTRITAL DE COPORAQUE - ESPINAR,2026-08,12,2026-08-26T10:29:20.672558-05:00,2026-09-23T10:18:05.982619-05:00,CUSCO,ESPINAR,COPORAQUE,0,0,0,,,,0,,
ocds-dgv273-seacev3-1244084,2026-09-23T10:18:05.966974-05:00,2026-08,1244084,LP-ABR-14-2026-DEVIDA-UE006/OC-1,ADQUISICIÓN DE ABONO FOLIAR LIQUIDO A BASE DE CALCIO BORO Y ZINC DESTINADOS PARA LAS ACTIVIDADES: ¿CAPACITACIÓN Y ASISTENCIA TÉCNICA DE LA CADENA DE VALOR DE PRODUCTOS ALTERNATIVOS SOSTENIBLES EN EL AMBITO DEL VRAEM - CULTIVO DE CAFÉ Y CACAO - OZ SAN FRANCISCO¿,,Licitación Pública Abreviada,goods,60405.62,PEN,60405.62,2026-08-24T20:10:00-05:00,19.0,False,,PE-CONSUCODE-204366,UNIDAD DE GESTIÓN DE APOYO AL DESARROLLO SOSTENIBLE DEL VRAEM,2026-08,16,2026-08-25T10:17:45.099627-05:00,2026-09-23T10:18:05.966974-05:00,CUSCO,LA CONVENCION,PICHARI,19,19,1,75570.0,CHAGRO NEGOCIOS AGRICOLAS E.I.R.L.,PE-RUC-20606915668,0,,
ocds-dgv273-seacev3-1240407,2026-09-23T10:18:05.951325-05:00,2026-08,1240407,CP-ABR-2-2026-MDV/CONSULT-1,CONTRATACIÓN DE CONSULTORÍA DE OBRA PARA LA ELABORACIÓN DE EXPEDIENTE TECNICO DEL PROYECTO: ¿MEJORAMIENTO DEL SERVICIO DE MOVILIDAD URBANA EN EN LAS VIAS URBANAS DEL SECTOR TUPAC AMARU DE LA LOCALIDAD DE VICCO DISTRITO DE VICCO DE LA PROVINCIA DE PASCO DEL DEPARTAMENTO DE PASCO¿ CON CUI N° 2672476,,Concurso Público Abreviado,services,150000.0,PEN,150000.0,2026-08-11T17:33:00-05:00,5.0,False,150000.0,PE-CONSUCODE-1567,MUNICIPALIDAD DISTRITAL DE VICCO,2026-08,15,2026-08-12T10:30:48.256114-05:00,2026-09-23T10:18:05.951325-05:00,PASCO,PASCO,VICCO,5,5,1,150000.0,CONSORCIO POR UN PERU MEJOR,PE-RUC-1825453,1,150000.0,2026-09-10T00:00:00-05:00
ocds-dgv273-seacev3-1237807,2026-09-23T10:18:05.935574-05:00,2026-07,1237807,LP-ABR-19-2025-GRA/C-2,"CONTRATACIÓN PARA LA EJECUCIÓN DE LA OBRA:  SALDO DE OBRA: ETAPA l: ""CREACIÓN DEL ESTADIO MUNICIPAL EN LA LOCALIDAD DE SAN MARCOS DEL DISTRITO DE COCHAMAL _ PROVINCIA DE RODRIGUEZ DE MENDOZA _ DEPARTAMENTO DE AMAZONAS""; con CUI 2479833.",,Licitación Pública Abreviada,works,2436239.48,PEN,2436239.48,2026-07-31T17:43:00-05:00,5.0,False,2436240.0,PE-CONSUCODE-32,GOBIERNO REGIONAL DE AMAZONAS SEDE CENTRAL,2026-07,26,2026-08-01T10:19:37.754549-05:00,2026-09-23T10:18:05.935574-05:00,AMAZONAS,CHACHAPOYAS,CHACHAPOYAS,5,5,1,2064609.73,CONSORCIO DEPORTIVO V y J,PE-RUC-1822369,1,2064609.73,2026-09-21T00:00:00-05:00
ocds-dgv273-seacev3-1237415,2026-09-23T10:18:05.911841-05:00,2026-07,1237415,CP-ABR-4-2026-C-CSJLN-PJ-1,SERVICIO DE IMPLEMENTACIÓN Y ACONDICIONAMIENTO DE AMBIENTES DEL MÓDULO PENAL PARA LA SANCIÓN DE DELITOS ASOCIADOS A LA VIOLENCIA CONTRA LA MUJER SEDE LOS ANDES DE LA CORTE SUPERIOR DE JUSTICIA DE LIMA NORTE,,Concurso Público Abreviado,services,168144.83,PEN,168144.83,2026-07-30T19:28:00-05:00,71.0,False,,PE-CONSUCODE-200501,CORTE SUPERIOR DE JUSTICIA DE LIMA NORTE,2026-07,38,2026-07-31T10:16:01.119297-05:00,2026-09-23T10:18:05.911841-05:00,LIMA,LIMA,INDEPENDENCIA,71,71,1,142800.0,CONSTRUCCIONES SEASE E & E S.A.C.,PE-RUC-20605009787,0,,
ocds-dgv273-seacev3-1242748,2026-09-23T10:18:05.895574-05:00,2026-08,1242748,LP-ABR-21-2026-MDLM-1,ADQUISICION DE BOLSA DE POLIETILENO PARA LA SUBGERENCIA DE ECOLOGIA Y OPERACIONES AMBIENTALES DE LA MUNICIPALIDAD DISTRITAL DE LA MOLINA,,Licitación Pública Abreviada,goods,484000.0,PEN,484000.0,2026-08-19T16:09:00-05:00,13.0,False,484000.0,PE-CONSUCODE-1320,MUNICIPALIDAD DISTRITAL DE LA MOLINA,2026-08,18,2026-08-20T10:31:10.681467-05:00,2026-09-23T10:18:05.895574-05:00,LIMA,LIMA,LA MOLINA,13,13,1,476800.0,CABRERA CISNEROS SANTOS ALBERTO,PE-RUC-10413159976,1,476800.0,2026-09-17T00:00:00-05:00
ocds-dgv273-seacev3-1235429,2026-09-23T10:18:05.887463-05:00,2026-07,1235429,CP-ABR-26-2026-MDCHH/CS-1,"CONTRATACIÓN DEL SERVICIO DE CONSULTORÍA PARA LA ELABORACIÓN DEL CATASTRO URBANO Y CATASTRO FISCAL DEL DISTRITO DE CHAVIN DE HUANTAR, EN EL MARCO DEL PROYECTO: ¿MEJORAMIENTO DEL SERVICIO DE ORDENAMIENTO TERRITORIAL PARA LA MODERNIZACION Y GESTION ESTRATEGICA DEL TERRITORIO EN MARCO DEL PROCESO DE AD",,Concurso Público Abreviado,services,325520.0,PEN,325520.0,2026-07-20T18:45:00-05:00,7.0,False,,PE-CONSUCODE-214,MUNICIPALIDAD DISTRITAL DE CHAVIN DE HUANTAR,2026-07,11,2026-07-21T10:16:36.550083-05:00,2026-09-23T10:18:05.887463-05:00,ANCASH,HUARI,CHAVIN DE HUANTAR,7,7,0,,,,0,,
ocds-dgv273-seacev3-1233975,2026-09-23T10:18:05.868800-05:00,2026-07,1233975,CP SER-SM-1-2026-MDRM/CS-1,"CONTRATACIÓN DE SERVICIO DE ¿MANTENIMIENTO PERIÓDICO DE CAMINOS VECINALES NO PAVIMENTADOS TRAMOS, DESVÍO PAQUICHARI - UNIÓN VISTA ALEGRE - BALCONIYOCC - PAMPA HERMOSA - YAIRIMAYO, DISTRITO DE RÍO MAGDALENA - LA MAR - AYACUCHO¿",,Concurso Público de Servicios,services,521945.21,PEN,521945.21,2026-07-14T23:55:00-05:00,16.0,False,1043349.96,PE-CONSUCODE-204850,MUNICIPALIDAD DISTRITAL RIO MAGDALENA,2026-07,33,2026-07-15T10:31:01.339529-05:00,2026-09-23T10:18:05.868800-05:00,AYACUCHO,LA MAR,RIO MAGDALENA,16,16,1,521404.75,CONSORCIO MACRO,PE-RUC-1823615,1,521404.75,2026-09-14T00:00:00-05:00
ocds-dgv273-seacev3-1241397,2026-09-23T10:18:05.821963-05:00,2026-08,1241397,LP-ABR-2-2026-MDP/C-1,"CONTRATACIÓN PARA LA EJECUCIÓN DE LA OBRA: ¿CREACION DEL SERVICIO DE PRÁCTICA DEPORTIVA Y/O RECREATIVA EN POLIDEPORTIVO DE CENTRO POBLADO CULCULBAMBA DISTRITO DE PALLASCA DE LA PROVINCIA DE PALLASCA DEL DEPARTAMENTO DE ANCASH¿, CON CUI N° 2724221.",,Licitación Pública Abreviada,works,629871.42,PEN,629871.42,2026-08-14T10:28:00-05:00,6.0,False,,PE-CONSUCODE-252,MUNICIPALIDAD DISTRITAL DE PALLASCA,2026-08,14,2026-08-15T10:17:52.134995-05:00,2026-09-23T10:18:05.821963-05:00,ANCASH,PALLASCA,PALLASCA,6,6,1,629871.42,CONSORCIO CULCUBAMBA,PE-RUC-1827392,0,,
ocds-dgv273-seacev3-1244243,2026-09-23T10:18:05.808078-05:00,2026-08,1244243,LP-ABR-13-2026-HG-1,ADQUISICIÓN ANUAL DE INSUMOS PARA CENTRAL DE ESTERILIZACIÓN,,Licitación Pública Abreviada,goods,173900.0,PEN,173900.0,2026-08-25T18:10:00-05:00,7.0,False,,PE-CONSUCODE-10423,GOBIERNO REGIONAL DE AREQUIPA-ZONA DE DESARROLLO INTEGRAL DE SALUD - HOSPITAL GOYENECHE,2026-08,18,2026-08-26T10:29:20.710440-05:00,2026-09-23T10:18:05.808078-05:00,AREQUIPA,AREQUIPA,AREQUIPA,7,7,1,177288.0,FERCO MEDICAL S.A.C.,PE-RUC-20501549801,0,,
ocds-dgv273-seacev3-2026-10266-6,2026-09-23T10:18:05.801246-05:00,2026-08,1244418,LP-SM-1-2026-INPE/22-1,"ADQUISICIÓN DE UNIFORME, ACCESORIOS DE UNIFORME Y BORCEGUÍES PARA EL PERSONAL DE SEGURIDAD DE LA ORSOC INPE 2026",open,Licitación Pública,goods,0.0,PEN,0.0,2026-08-25T17:54:00-05:00,,True,,PE-CONSUCODE-10266,INPE-DIRECCION REGIONAL SUR ORIENTE CUSCO,2026-08,16,2026-08-26T10:29:20.835393-05:00,2026-09-23T10:18:05.801246-05:00,CUSCO,CUSCO,CUSCO,0,0,0,,,,0,,
ocds-dgv273-seacev3-1243396,2026-09-23T10:18:05.793251-05:00,2026-08,1243396,SIE-SIE-2-2026-MDCA/OC-1-1,"ADQUISICIÓN DE CEMENTO PORTLAND TIPO I (42.5 KG), PARA EL PROYECTO: ¿CREACIÓN DEL SERVICIO DE MOVILIDAD URBANA JR. AYAPATA, PASAJE AYAPATA, JR. UNIÓN Y DESVIÓ PUENTE ANDAMARCA, DISTRITO DE CARMEN ALTO ¿ PROVINCIA DE HUAMANGA ¿ DEPARTAMENTO DE AYACUCHO¿ - CON CUI: 2645040.",open,Subasta Inversa Electrónica,goods,211575.0,PEN,211575.0,2026-08-21T16:05:00-05:00,5.0,False,,PE-CONSUCODE-508,MUNICIPALIDAD DISTRITAL DE CARMEN ALTO,2026-08,12,2026-08-22T10:45:08.329175-05:00,2026-09-23T10:18:05.793251-05:00,AYACUCHO,HUAMANGA,CARMEN ALTO,5,5,1,211575.0,GROUP 8A S.A.C.,PE-RUC-20612229831,0,,
ocds-dgv273-seacev3-1241686,2026-09-23T10:18:05.778591-05:00,2026-08,1241686,CP-ABR-29-2026-GRA-CS-1,"SERVICIO CONSTRUCCIÓN DE UNA GRANJA DE PORCINOS para el Plan de Negocios denominado: ¿MEJORAMIENTO DE LA PRODUCCION Y COMERCIALIZACION DE PORCINOS EN LA PORCICULTURA SAN ANTONIO S.A.C. EN EL DISTRITO DE CASMA, PROVINCIA DE CASMA, REGION ANCASH¿-2023 RUTA 1B",,Concurso Público Abreviado,services,82597.97,PEN,82597.97,2026-08-14T19:09:00-05:00,13.0,False,,PE-CONSUCODE-33,GOBIERNO REGIONAL DE ANCASH - SEDE CENTRAL,2026-08,14,2026-08-15T10:17:52.101993-05:00,2026-09-23T10:18:05.778591-05:00,ANCASH,HUARAZ,INDEPENDENCIA,13,13,1,80500.0,INVERSIONES SA & RO S.A.C,PE-RUC-20602317278,0,,
ocds-dgv273-seacev3-1236639,2026-09-23T10:18:05.771920-05:00,2026-07,1236639,CP SER-SM-24-2026-GRTC-1,CONTRATACION DE SERVICIO DE MANTENIMIENTO PERIODICO DE LA RED DEPARTAMENTAL NO PAVIMENTADA CU - 103 TRAMO: EMP. PE-28B (KUMPIRUSHIATO) (KM 00+000) PTE. QUIMPURISHIATO - DV. MANGURANI - PTE. KAMANQUIRIATO - PTE. MANOGALI - DV. IVOCHOTE - PACHIRI - PANGOA - PTE. MANTALO - SANIRIATO (KM 76+900) DEL DIS,,Concurso Público de Servicios,services,0.0,PEN,0.0,2026-07-22T22:22:00-05:00,,True,,PE-CONSUCODE-10449,GOBIERNO REGIONAL DE CUSCO - DIRECCION REGIONAL DE TRANSPORTES Y COMUNICACIONES CUSCO,2026-07,47,2026-07-24T10:24:41.710211-05:00,2026-09-23T10:18:05.771920-05:00,CUSCO,CUSCO,WANCHAQ,0,0,0,,,,0,,
ocds-dgv273-seacev3-1245727,2026-09-23T10:18:05.742194-05:00,2026-08,1245727,LP-ABR-14-2026-MPB/CS-1,"Ejecución de la Obra: CREACIÓN DEL SERVICIO DE ALCANTARILLADO Y OTRAS FORMAS DE DISPOSICIÓN SANITARIA DE EXCRETAS EN EL CENTRO POBLADO NUEVO RIO SECO DISTRITO DE SUPE DE LA PROVINCIA DE BARRANCA DEL DEPARTAMENTO DE LIMA, con CUI Nº 2717389",,Licitación Pública Abreviada,works,1909822.54,PEN,1909822.54,2026-08-28T20:36:00-05:00,10.0,False,,PE-CONSUCODE-1468,MUNICIPALIDAD PROVINCIAL DE BARRANCA,2026-08,16,2026-08-29T10:11:47.632886-05:00,2026-09-23T10:18:05.742194-05:00,LIMA,BARRANCA,BARRANCA,10,10,0,,,,0,,
ocds-dgv273-seacev3-1235238,2026-09-23T10:18:05.733905-05:00,2026-07,1235238,CONV-PROC-10-2026-UNALM-1,"ADQUISICION DE 01 TERMOHIGRONOMETRO INFRARROJO PORTAIL, 02 HORNO CILINDRICO PARA PRODUCCION DE BIOCHAR Y 01 TRITURADORA",open,Convenio,goods,9980.0,PEN,9980.0,2026-07-20T13:08:00-05:00,2.0,False,,PE-CONSUCODE-1886,UNIVERSIDAD NACIONAL AGRARIA LA MOLINA,2026-07,24,2026-07-21T10:16:36.469562-05:00,2026-09-23T10:18:05.733905-05:00,LIMA,LIMA,LA MOLINA,2,2,0,,,,0,,
ocds-dgv273-seacev3-1239665,2026-09-23T10:18:05.718263-05:00,2026-08,1239665,LP-ABR-2-2026-MDC/C-1,"CONTRATACIÓN PARA LA EJECUCIÓN DE LA OBRA: CREACION DE LOS SERVICIOS OPERATIVOS O MISIONALES INSTITUCIONALES EN EL LOCAL COMUNAL DEL CENTRO POBLADO LA FLORIDA, DISTRITO DE COVIRIALI DE LA PROVINCIA DE SATIPO DEL DEPARTAMENTO DE JUNIN"". CON CUI N° 2600491",,Licitación Pública Abreviada,works,366718.84,PEN,366718.84,2026-08-07T18:58:00-05:00,6.0,False,366718.84,PE-CONSUCODE-1156,MUNICIPALIDAD DISTRITAL DE COVIRIALI,2026-08,16,2026-08-11T10:16:25.299878-05:00,2026-09-23T10:18:05.718263-05:00,JUNIN,SATIPO,COVIRIALI,6,6,1,341824.84,CONSORCIO FLORIDA,PE-RUC-1825169,1,341824.84,2026-09-22T00:00:00-05:00
ocds-dgv273-seacev3-1244627,2026-09-23T10:18:05.696632-05:00,2026-08,1244627,CP-ABR-12-2026-SEDAPAL-2,SERVICIO DE ACTUALIZACIÓN DE COMPONENTES HIDRÁULICOS SISTEMAS GIS,,Concurso Público Abreviado,services,0.0,PEN,0.0,2026-08-26T14:57:00-05:00,,True,,PE-CONSUCODE-2383,SERVICIO DE AGUA POTABLE Y ALCANTARILLADO DE LIMA - SEDAPAL,2026-08,19,2026-08-27T10:33:25.963255-05:00,2026-09-23T10:18:05.696632-05:00,LIMA,LIMA,EL AGUSTINO,0,0,0,,,,0,,
ocds-dgv273-seacev3-1236076,2026-09-23T10:18:05.681743-05:00,2026-07,1236076,DIRECTA-DIRECTA-1-2026-MDL/OC-1-1,"CONTRATACIÓN DE EJECUCIÓN DE OBRA: ¿RENOVACIÓN DE PUENTE; EN EL (LA) CAMINO VECINAL ANEXO MARAYPAMPA ¿ PUENTE MARAYPAMPA, DISTRITO DE LONGAR, PROVINCIA RODRÍGUEZ DE MENDOZA, DEPARTAMENTO AMAZONAS"", con CUI N° 2677898",direct,Contratación Directa,works,1167000.0,PEN,1167000.0,2026-07-22T19:00:00-05:00,2.0,False,1167000.0,PE-CONSUCODE-134,MUNICIPALIDAD DISTRITAL DE LONGAR,2026-07,11,2026-07-23T10:30:32.189205-05:00,2026-09-23T10:18:05.681743-05:00,AMAZONAS,RODRIGUEZ DE MENDOZA,LONGAR,2,2,1,1167000.0,CONSORCIO PUENTE MARAYPAMPA,PE-RUC-1815161,1,1167000.0,2026-07-30T00:00:00-05:00
ocds-dgv273-seacev3-1241608,2026-09-23T10:18:05.664819-05:00,2026-08,1241608,CP-ABR-3-2026-GRP-PECHP-40600-2,"CONTRATACIÓN DE LA SUPERVISIÓN DE LA OBRA: ¿RENOVACIÓN DE OBRAS DE ARTE EN EL(LA) DREN SECHURA PROGRESIVA KM 37 EN EL CENTRO POBLADO SANTA ELENA, DISTRITO DE LA ARENA, PROVINCIA DE PIURA, DEPARTAMENTO DE PIURA¿",,Concurso Público Abreviado,services,194855.76,PEN,194855.76,2026-08-14T16:50:00-05:00,26.0,False,,PE-CONSUCODE-10352,GOBIERNO REGIONAL DE PIURA - PROYECTO ESPECIAL CHIRA PIURA,2026-08,21,2026-08-15T10:17:52.000258-05:00,2026-09-23T10:18:05.664819-05:00,PIURA,PIURA,PIURA,26,26,1,193573.8,CONSORCIO IAN,PE-RUC-1827478,0,,
ocds-dgv273-seacev3-1238935,2026-09-23T10:18:05.658062-05:00,2026-08,1238935,CP CON-SM-5-2026-C-MPI-1,"CONTRATACIÓN DE CONSULTORÍA PARA LA SUPERVISION DE LA OBRA ""MEJORAMIENTO DE LOS SERVICIOS OPERATIVOS O MISIONALES INSTITUCIONALES EN EL SERVICIO DE ADMINISTRACIÓN TRIBUTARIA DE LA MUNICIPALIDAD PROVINCIAL DE ICA, DEL DISTRITO DE ICA DE LA PROVINCIA DE ICA DEL DEPARTAMENTO DE ICA"" CON CUI N° 2656307",,Concurso Público para Consultoría,services,708656.08,PEN,708656.08,2026-08-05T20:20:00-05:00,,True,,PE-CONSUCODE-1025,MUNICIPALIDAD PROVINCIAL DE ICA,2026-08,25,2026-08-06T10:27:48.446564-05:00,2026-09-23T10:18:05.658062-05:00,ICA,ICA,ICA,0,0,0,,,,0,,
ocds-dgv273-seacev3-1244422,2026-09-23T10:18:05.625332-05:00,2026-08,1244422,LP-ABR-32-2026-HNC-DAC-2,ADQUISICION DE MICOFENOLATO MOFETILO 250 MG TAB PARA EL HOSPITAL NACIONAL DEL CENTRO DANIEL ALCIDES CARRION,,Licitación Pública Abreviada,goods,119250.0,PEN,119250.0,2026-08-25T18:56:00-05:00,5.0,False,,PE-CONSUCODE-10045,GOBIERNO REGIONAL DE JUNIN - HOSPITAL DANIEL ALCIDES CARRION - HUANCAYO,2026-08,12,2026-08-26T10:29:20.841653-05:00,2026-09-23T10:18:05.625332-05:00,JUNIN,HUANCAYO,HUANCAYO,5,5,1,129850.0,SEVEN PHARMA SAC,PE-RUC-20522761525,0,,
ocds-dgv273-seacev3-1243302,2026-09-23T10:18:05.609393-05:00,2026-08,1243302,LP-ABR-11-2026-MPA-1,ADQUISICION DE UNIFORMES DE TRABAJO PARA EL PERSONAL (INSPECTOR) TRANSITORIO QUE LA LABORA EN LA SUBGERENCIA DE TRANSPORTE INTERURBANO Y ESPECIAL DE LA MUNICIPALIDAD PROVINCIAL DE AREQUIPA ¿ PERIODO 2026,,Licitación Pública Abreviada,goods,121950.0,PEN,121950.0,2026-08-21T12:29:00-05:00,22.0,False,,PE-CONSUCODE-397,MUNICIPALIDAD PROVINCIAL DE AREQUIPA,2026-08,17,2026-08-22T10:45:08.246463-05:00,2026-09-23T10:18:05.609393-05:00,AREQUIPA,AREQUIPA,AREQUIPA,22,22,1,121200.0,INVEGO PERU S.A.C.,PE-RUC-20612452645,0,,
ocds-dgv273-seacev3-1243465,2026-09-23T10:18:05.575234-05:00,2026-08,1243465,LP-ABR-22-2026-CS/MDRT-1,CONTRATACION DE BIENES: ADQUISICION DE REPUESTOS PARA LAS MAQUINARIAS PESADAS Y CAMIONES VOLQUETES DE LA   SUB GERENCIA DE\nMAQUINARIAS DE LA MUNICIPALIDAD DISTRITAL DE RIO TAMBO.,,Licitación Pública Abreviada,goods,399999.0,PEN,399999.0,2026-08-25T17:38:00-05:00,6.0,False,,PE-CONSUCODE-1162,MUNICIPALIDAD DISTRITAL DE RIO TAMBO,2026-08,13,2026-08-26T10:29:20.302693-05:00,2026-09-23T10:18:05.575234-05:00,JUNIN,SATIPO,RIO TAMBO,6,6,1,399000.0,ALIAGA ARCA GLICERIA GRACIELA,PE-RUC-10210146348,0,,
ocds-dgv273-seacev3-1241235,2026-09-23T10:18:05.568179-05:00,2026-08,1241235,LP-SM-7-2026-EPS GRAU SA-GG-1,ADQUISICIÓN DE INDUMENTARIA Y CALZADO PARA LOS TRABAJADORES DE LA EPS GRAU S.A.,open,Licitación Pública,goods,0.0,PEN,0.0,2026-08-13T17:43:00-05:00,,True,,PE-CONSUCODE-2381,ENTIDAD PRESTADORA DE SERVICIO DE SANEAMIENTO GRAU S.A.,2026-08,27,2026-08-14T10:33:31.998311-05:00,2026-09-23T10:18:05.568179-05:00,PIURA,PIURA,PIURA,0,0,0,,,,0,,
ocds-dgv273-seacev3-1246140,2026-09-23T10:18:05.538530-05:00,2026-08,1246140,LP-ABR-1-2026-UGEL-CANCHIS/C-1,ADQUISICIÓN DE PIZARRAS ACRILICAS PARA LA II.EE. DE NIVEL PRIMARIA Y SECUNDARIA DE LA UGEL CANCHIS,,Licitación Pública Abreviada,goods,279680.0,PEN,279680.0,2026-08-31T20:36:00-05:00,24.0,False,,PE-CONSUCODE-200052,GOBIERNO REGIONAL DE CUSCO - UNIDAD DE SERVICIOS EDUCATIVOS CANCHIS,2026-08,15,2026-09-01T10:23:56.422655-05:00,2026-09-23T10:18:05.538530-05:00,CUSCO,CANCHIS,SICUANI,24,24,1,218500.0,SERVIS INFINITE A-1 E.I.R.L.,PE-RUC-20611032090,0,,
ocds-dgv273-seacev3-1245336,2026-09-23T10:18:05.524396-05:00,2026-08,1245336,COMPRE-COMPRE-8-2026-MDSM/OEC-1,"ADQUISICION DE MUEBLES DE ACERO INOXIDABLES PARA EL PLAN DE NEGOCIOS DENOMINADO: MEJORAMIENTO DEL SERVICIO GASTRONOMICO DE LA EMPRESA LA TRILOGIA HUARINA S.A.C, DEL DISTRITO DE SAN MARCOS, PROVINCIA DE HUARI, DEPARTAMENTO DE ANCASH¿ CON CUI N° 2720460.",open,Comparación de Precios,goods,46720.0,PEN,46720.0,2026-08-27T23:09:00-05:00,3.0,False,46720.0,PE-CONSUCODE-224,MUNICIPALIDAD DISTRITAL DE SAN MARCOS,2026-08,11,2026-08-28T10:30:32.458438-05:00,2026-09-23T10:18:05.524396-05:00,ANCASH,HUARI,SAN MARCOS,3,3,1,46720.0,ARQUINIGO SOTO KELLY CARMEN,PE-RUC-10469513322,1,46720.0,2026-09-16T00:00:00-05:00
ocds-dgv273-seacev3-1245866,2026-09-23T10:18:05.517500-05:00,2026-08,1245866,LP-SM-1-2026-UNT/C-1,"CONTRATACIÓN DE BIENES: ADQUISICION DE EQUIPOS PARA EL PROYECTO DE INVERSIÓN: CUI 2131956 ""MEJORAMIENTO DEL SERVICIO DE FORMACIÓN ACADÉMICO PROFESIONAL Y DE INVESTIGACIÓN EN LA ESCUELA DE INGENIERÍA INDUSTRIAL DE LA UNT¿ - EQUIPOS DE LABORATORIO DE INGENIERÍA INDUSTRIAL",open,Licitación Pública,goods,0.0,PEN,0.0,2026-08-04T19:11:00-05:00,,True,,PE-CONSUCODE-1894,UNIVERSIDAD NACIONAL DE TRUJILLO,2026-08,11,2026-09-01T10:23:56.329482-05:00,2026-09-23T10:18:05.517500-05:00,LA LIBERTAD,TRUJILLO,TRUJILLO,0,0,0,,,,0,,
ocds-dgv273-seacev3-1250883,2026-09-23T10:18:05.510622-05:00,2026-08,1250883,LP-ABR-2-2026-MDP/CS-1,CREACION DEL SERVICIO DE PRÁCTICA DEPORTIVA Y/O RECREATIVA EN LOSA DE LABORPAMPA DE CENTRO POBLADO LABORPAMPA DISTRITO DE PARIAHUANCA DE LA PROVINCIA DE CARHUAZ DEL DEPARTAMENTO DE ANCASH  CUI: 2674126,,Licitación Pública Abreviada,works,893220.0,PEN,893220.0,2026-08-25T16:17:00-05:00,,True,,PE-CONSUCODE-195,MUNICIPALIDAD DISTRITAL DE PARIAHUANCA - CARHUAZ,2026-08,3,2026-09-18T10:23:20.266807-05:00,2026-09-23T10:18:05.510622-05:00,ANCASH,CARHUAZ,PARIAHUANCA,0,0,0,,,,0,,
ocds-dgv273-seacev3-1239838,2026-09-23T10:18:05.482014-05:00,2026-08,1239838,CP-ABR-9-2026-COM-MPM-1,CONSULTORIA DE OBRA - SUPERVISION DE OBRA: ¿MEJORAMIENTO DEL SERVICIO DE MOVILIDAD URBANA EN JR. ANGEL BRUSCO (JR. AUGUSTO FREYRE/AV. LA MARINA) DISTRITO DE IQUITOS DE LA PROVINCIA DE MAYNAS DEL DEPARTAMENTO DE LORETO¿ CUI N° 2725083.,,Concurso Público Abreviado,services,136112.3,PEN,136112.3,2026-08-10T16:21:00-05:00,5.0,False,,PE-CONSUCODE-1479,MUNICIPALIDAD PROVINCIAL DE MAYNAS - IQUITOS,2026-08,15,2026-08-11T10:16:25.476541-05:00,2026-09-23T10:18:05.482014-05:00,LORETO,MAYNAS,IQUITOS,5,5,0,,,,0,,
ocds-dgv273-seacev3-1234350,2026-09-23T10:18:05.475261-05:00,2026-07,1234350,LP-ABR-2-2026-MPHCO/OC-1,ADQUISICION DE LECHE EVAPORADA ENTERA X 400 GR PARA LA MODALIDAD PANTBC DEL PROGRAMA DE COMPLEMENTACION ALIMENTARIA DE LA MUNICIPALIDAD PROVINCIAL DE HUÁNUCO,,Licitación Pública Abreviada,goods,0.0,PEN,0.0,2026-07-15T22:20:00-05:00,,True,,PE-CONSUCODE-950,MUNICIPALIDAD PROVINCIAL DE HUANUCO,2026-07,14,2026-07-16T10:26:15.279730-05:00,2026-09-23T10:18:05.475261-05:00,HUANUCO,HUANUCO,HUANUCO,0,0,0,,,,0,,
ocds-dgv273-seacev3-1242110,2026-09-23T10:18:05.417804-05:00,2026-08,1242110,LP-ABR-8-2026-PATPAL-FBB/MML-3,"ADQUISICIÓN DE VALES DE PAVO U OTRAS CARNES PARA LOS TRABAJADORES DEL DECRETO LEGISLATIVO 728 Y DECRETO LEGISLATIVO 1057, DEL PATRONATO DEL PARQUE DE LAS LEYENDAS - FELIPE BENAVIDES BARREDA",,Licitación Pública Abreviada,goods,57348.0,PEN,57348.0,2026-08-17T20:17:00-05:00,4.0,False,57348.0,PE-CONSUCODE-1986,PATRONATO DEL PARQUE DE LAS LEYENDAS - FELIPE BENAVIDES BARREDA,2026-08,15,2026-08-18T10:20:58.782082-05:00,2026-09-23T10:18:05.417804-05:00,LIMA,LIMA,SAN MIGUEL,4,4,1,57348.0,PRIZE PROMOTION S.A.C.,PE-RUC-20605636889,1,57348.0,2026-09-14T00:00:00-05:00
ocds-dgv273-seacev3-1233025,2026-09-23T10:18:05.390980-05:00,2026-07,1233025,CP SER-SM-19-2026-GRTCC-1,"SERVICIO DE MANTENIMIENTO PERIODICO DE LA RED VIAL DEPARTAMENTAL NO PAVIMENTADA CU 141 TRAMO: EMP. CU-129 (DV. ACCHA) PARCCO LOROTA EMP. PE-35 Y (PUMAPUGIO), DE LOS DISTRITOS DE ACCHA Y CAPACMARCA PROVINCIA DE PARURO Y CHUMBIVILCAS DEPARTAMENTO DE CUSCO.",,Concurso Público de Servicios,services,3312070.66,PEN,3312070.66,2026-07-13T18:19:00-05:00,88.0,False,,PE-CONSUCODE-10449,GOBIERNO REGIONAL DE CUSCO - DIRECCION REGIONAL DE TRANSPORTES Y COMUNICACIONES CUSCO,2026-07,46,2026-07-14T10:22:57.602773-05:00,2026-09-23T10:18:05.390980-05:00,CUSCO,CUSCO,WANCHAQ,88,88,1,3312070.66,CONSORCIO VIAL ACCHA,PE-RUC-1828367,0,,
ocds-dgv273-seacev3-1244724,2026-09-23T10:18:05.376823-05:00,2026-08,1244724,SIE-SIE-1-2026-HBL-CS-1,ADQUISICIÓN DE VERDURAS Y FRUTAS CON FICHA PARA LOS USUARIOS DEL SERVICIO DE NUTRICIÓN Y DIETÉTICA DEL HOSPITAL BELÉN DE LAMBAYEQUE.,open,Subasta Inversa Electrónica,goods,209760.0,PEN,209760.0,2026-08-26T15:55:00-05:00,4.0,False,209760.0,PE-CONSUCODE-10521,GOBIERNO REGIONAL DE LAMBAYEQUE-HOSPITAL BELEN - LAMBAYEQUE,2026-08,14,2026-08-27T10:33:26.016445-05:00,2026-09-23T10:18:05.376823-05:00,LAMBAYEQUE,LAMBAYEQUE,LAMBAYEQUE,4,4,1,207924.0,LUZ DEL AMAZONAS E.I.R.L.,PE-RUC-20610079050,1,207924.0,2026-09-16T00:00:00-05:00
ocds-dgv273-seacev3-1239597,2026-09-23T10:18:05.369938-05:00,2026-08,1239597,SEL-PROC-15-2026-OPS / PETROPERU-1,SERVICIO DE VIGILANCIA PRIVADA Y DE RESCATE Y EXTINCIÓN DE INCENDIOS PARA REFINERÍA IQUITOS Y OTRAS INSTALACIONES DE PETROPERÚ S.A.,open,Adjudicación Selectiva,services,0.0,PEN,0.0,2026-08-07T16:54:00-05:00,1.0,False,,PE-CONSUCODE-2433,PETROLEOS DEL PERU S.A.,2026-08,8,2026-08-22T10:45:06.121719-05:00,2026-09-23T10:18:05.369938-05:00,LIMA,LIMA,SAN ISIDRO,1,1,0,,,,0,,
ocds-dgv273-seacev3-1233587,2026-09-23T10:18:05.363279-05:00,2026-07,1233587,CP SER-SM-4-2026-CS/MDSJL-1,SERVICIO DE FRESADO Y COLOCACIÒN DE MEZCLA ASFALTICA EN CALIENTE PARA EL MANTENIMIENTO DE VIAS EN EL DISTRITO DE SAN JUAN DE LURIGANCHO,,Concurso Público de Servicios,services,2620847.0,PEN,2620847.0,2026-07-13T23:32:00-05:00,,True,,PE-CONSUCODE-1338,MUNICIPALIDAD DISTRITAL DE SAN JUAN DE LURIGANCHO,2026-07,44,2026-07-14T10:22:57.596862-05:00,2026-09-23T10:18:05.363279-05:00,LIMA,LIMA,SAN JUAN DE LURIGANCHO,0,0,0,,,,0,,
ocds-dgv273-seacev3-1249294,2026-09-23T10:18:05.350534-05:00,2026-06,1249294,LP-ABR-8-2026-C-MDQ/LC-1,ADQUISICION DE MATERIALES Y ACCESORIOS PARA EL PROYECTO (041) -MEJORAMIENTO DE LOS SERVICIOS DE APOYO AL DESARROLLO PRODUCTIVO EN LA POBLACIÓN RURAL Y VULNERABLE A TRAVÉS DEL FORTALECIMIENTO DE CAPACIDADES PRODUCTIVAS Y DE SALUBRIDAD EN LA CUENCA DE CHAPO DEL DISTRITO DE QUELLOUNO DE LA PROVINCIA DE,,Licitación Pública Abreviada,goods,351747.5,PEN,351747.5,2026-06-23T17:03:00-05:00,25.0,False,,PE-CONSUCODE-820,MUNICIPALIDAD DISTRITAL DE QUELLOUNO,2026-06,8,2026-09-11T10:24:24.165185-05:00,2026-09-23T10:18:05.350534-05:00,CUSCO,LA CONVENCION,QUELLOUNO,25,25,0,,,,0,,
ocds-dgv273-seacev3-2026-13-50,2026-09-23T10:18:05.343981-05:00,2026-07,1236868,CP SER-SM-5-2026-EF/43-1,Servicio de Transmisión de Datos entre las sedes en Lima Metropolitana del Ministerio de Economía y Finanzas y otras entidades.,,Concurso Público de Servicios,services,0.0,PEN,0.0,2026-07-24T17:52:00-05:00,,True,,PE-CONSUCODE-13,MINISTERIO DE ECONOMIA Y FINANZAS,2026-07,14,2026-07-25T10:12:55.736003-05:00,2026-09-23T10:18:05.343981-05:00,LIMA,LIMA,LIMA,0,0,0,,,,0,,
ocds-dgv273-seacev3-1249292,2026-09-23T10:18:05.337193-05:00,2026-07,1249292,LP-ABR-14-2026-MPR/C-1,"EJECUCIÓN FÍSICA DE LA IOARR: ¿RENOVACIÓN DE PUENTE; EN EL (LA) CAMINO VECINAL R2208139: EMP. SM-612 (MASHUYACU) ¿ PARAÍSO DE LAS MINAS, DISTRITO DE RIOJA, PROVINCIA DE RIOJA, DEPARTAMENTO DE SAN MARTIN¿ CUI N° 2677528",,Licitación Pública Abreviada,works,1497673.43,PEN,1497673.43,2026-07-17T16:34:00-05:00,,True,,PE-CONSUCODE-1784,MUNICIPALIDAD PROVINCIAL DE RIOJA,2026-07,7,2026-09-11T10:24:24.158538-05:00,2026-09-23T10:18:05.337193-05:00,SAN MARTIN,RIOJA,RIOJA,0,0,0,,,,0,,
ocds-dgv273-seacev3-1252249,2026-09-23T10:18:05.330247-05:00,2026-08,1252249,LP-SM-2-2026-MDP/CS-1,"CONTRATACIÓN PARA LA EJECUCIÓN DE LA OBRA: ""MEJORAMIENTO DE LA PRESTACION DEL SERVICIO EDUCATIVO DEL NIVEL PRIMARIA DE LA I.E. N°36170 DE LA LOCALIDAD DE PAUCARA, DISTRITO DE PAUCARA ¿ PROVINCIA DE ACOBAMBA ¿ DEPARTAMENTO DE HUANCAVELICA"".",open,Licitación Pública,works,23103578.66,PEN,23103578.66,2026-08-26T19:21:00-05:00,,True,,PE-CONSUCODE-879,MUNICIPALIDAD DISTRITAL DE PAUCARA,2026-08,1,2026-09-23T10:18:05.330247-05:00,2026-09-23T10:18:05.330247-05:00,HUANCAVELICA,ACOBAMBA,PAUCARA,0,0,0,,,,0,,
ocds-dgv273-seacev3-1245383,2026-09-23T10:18:05.289251-05:00,2026-08,1245383,CP-ABR-153-2026-MDSM/CS-1,"CONTRATACIÓN DE CONSULTORÍA DE OBRA PARA LA SUPERVISIÓN DE LA OBRA: ¿MEJORAMIENTO DEL SERVICIO DE EDUCACION PRIMARIA EN I.E. 86460 DE CENTRO POBLADO QUISHU DISTRITO DE SAN MARCOS DE LA PROVINCIA DE HUARI DEL DEPARTAMENTO DE ANCASH¿, CON CUI N° 2658916.",,Concurso Público Abreviado,services,142061.44,PEN,142061.44,2026-08-27T22:27:00-05:00,,True,,PE-CONSUCODE-224,MUNICIPALIDAD DISTRITAL DE SAN MARCOS,2026-08,13,2026-08-28T10:30:32.503598-05:00,2026-09-23T10:18:05.289251-05:00,ANCASH,HUARI,SAN MARCOS,0,0,0,,,,0,,
ocds-dgv273-seacev3-1242391,2026-09-23T10:18:05.278573-05:00,2026-08,1242391,CP-ABR-5-2025-C-SEDA AYACUCHO-4,SERVICIO A TODO COSTO DE LA ELABORACION DEL ESTUDIO HIDROLOGICO PARA LA IDENTIFICACION DE NUEVAS FUENTES DE ABASTECIMIENTO DE AGUA PARA SEDA AYACUCHO,,Concurso Público Abreviado,services,117271.35,PEN,117271.35,2026-08-18T19:05:00-05:00,17.0,False,,PE-CONSUCODE-2368,ENTIDAD PRESTADORA DE SERVICIO DE SANEAMIENTO AYACUCHO S.A,2026-08,16,2026-08-19T10:31:57.108660-05:00,2026-09-23T10:18:05.278573-05:00,AYACUCHO,HUAMANGA,AYACUCHO,17,17,0,,,,0,,
ocds-dgv273-seacev3-1239347,2026-09-23T10:18:05.254824-05:00,2026-08,1239347,CP SER-SM-4-2026-DSRTC-CH-1,"SERVICIO PARA LA EJECUCION DE LA ACTIVIDAD: MANTENIMIENTO PERIODICO DE LA RED VIAL DEPARTAMENTAL NO PAVIMENTADA - TRAMO: TALAVERA (KM 03+660) - UMACA (23+540); UMACA (KM 23+940) - OCOBAMBA (KM  42+200), MULTIDISTRITAL - MULTIPROVINCIAL - APURIMAC"", LONG. = 38.14 KM",,Concurso Público de Servicios,services,1722208.0,PEN,1722208.0,2026-08-07T16:44:00-05:00,70.0,False,,PE-CONSUCODE-10407,GOBIERNO REGIONAL DE APURIMAC-TRANSPORTES CHANKA,2026-08,38,2026-08-10T10:05:41.216645-05:00,2026-09-23T10:18:05.254824-05:00,APURIMAC,ABANCAY,ABANCAY,70,70,1,1722208.0,MARVI CONSTRUCTORA & CONTRATISTAS GENERALES S.A.C.,PE-RUC-20534543485,0,,
ocds-dgv273-seacev3-1238557,2026-09-23T10:18:05.238597-05:00,2026-08,1238557,LP-ABR-4-2026-CS/MDA-1,"CONTRATACIÓN PARA LA EJECUCIÓN DE LA OBRA: ¿RENOVACIÓN DE PUENTE; EN EL(LA) CAMINO VECINAL HV - 738 DE LA RUTA PALERMO - MANZANAYOCC EN LA LOCALIDAD TOTORA DISTRITO DE ANCO, PROVINCIA CHURCAMPA, DEPARTAMENTO HUANCAVELICA¿. CUI:  2663747.",,Licitación Pública Abreviada,works,2892966.64,PEN,2892966.64,2026-08-04T18:29:00-05:00,8.0,False,2892966.64,PE-CONSUCODE-942,MUNICIPALIDAD DISTRITAL DE ANCO - CHURCAMPA,2026-08,13,2026-08-05T10:26:25.692929-05:00,2026-09-23T10:18:05.238597-05:00,HUANCAVELICA,CHURCAMPA,ANCO,8,8,1,2892966.64,CONSORCIO TOTORA,PE-RUC-1821341,1,2892966.64,2026-09-03T00:00:00-05:00
ocds-dgv273-seacev3-1230898,2026-09-23T10:18:05.231990-05:00,2026-06,1230898,CP SER-SM-8-2026-IPD/CS-1,CONTRATACIÓN DE SERVICIO DE CUSTODIA Y GESTIÓN DE ALMACENAMIENTO Y DISTRIBUCIÓN PARA LOS BIENES DEPORTIVOS Y NO DEPORTIVOS DEL INSTITUTO PERUANO DEL DEPORTE,,Concurso Público de Servicios,services,0.0,PEN,0.0,2026-06-30T20:25:00-05:00,,True,,PE-CONSUCODE-1982,INSTITUTO PERUANO DEL DEPORTE,2026-06,42,2026-07-08T12:25:36.352241-05:00,2026-09-23T10:18:05.231990-05:00,LIMA,LIMA,LIMA,0,0,0,,,,0,,
ocds-dgv273-seacev3-1228797,2026-09-23T10:18:05.213100-05:00,2026-06,1228797,CP CON-SM-2-2026-GRA/SRP/C-1,"CONSULTORIA DE OBRA PARA LA ELABORACIÓN DEL EXPEDIENTE TECNICO DEL PROYECTO: ¿MEJORAMIENTO DEL SERVICIO DE TRANSITABILIDAD VIAL INTERURBANA EN VIAS VECINALES EMP. PE-1N-CASMAALTA-CANTINA-SAN RAFAEL-CHOLOQUE-CALAVERA CHICA ¿ CALAVERA GRANDE ¿ FUNDO PACAE-NIVIN-JAIHUA-MUDA (MUÑA)-EMP. PE-14, DISTRITO",,Concurso Público para Consultoría,services,1400000.0,PEN,1400000.0,2026-06-26T11:03:00-05:00,27.0,False,1400000.0,PE-CONSUCODE-200039,GOBIERNO REGIONAL DE ANCASH - SUB REGION PACIFICO,2026-06,24,2026-07-08T12:25:34.781071-05:00,2026-09-23T10:18:05.213100-05:00,ANCASH,SANTA,NUEVO CHIMBOTE,27,27,1,1260000.0,CONSORCIO JL,PE-RUC-1821853,1,1260000.0,2026-09-17T00:00:00-05:00
ocds-dgv273-seacev3-1244459,2026-09-23T10:18:05.192075-05:00,2026-08,1244459,DIRECTA-DIRECTA-7-2026-HGJ-1,"ADQUISICIÓN ANUAL DE BUPRENORFINA, 35 ¿g/h (20 mg COMO BASE), PARCHE, PARA EL HOSPITAL GENERAL DE JAÉN",direct,Contratación Directa,goods,66270.0,PEN,66270.0,2026-08-25T20:06:00-05:00,1.0,False,66270.0,PE-CONSUCODE-200051,GOBIERNO REGIONAL DE CAJAMARCA-HOSPITAL GENERAL DE JAEN,2026-08,7,2026-08-26T10:29:20.887006-05:00,2026-09-23T10:18:05.192075-05:00,CAJAMARCA,JAEN,JAEN,1,1,1,66270.0,GRUNENTHAL PERUANA S A,PE-RUC-20100091543,1,66270.0,2026-09-21T00:00:00-05:00
ocds-dgv273-seacev3-1244214,2026-09-23T10:18:05.176563-05:00,2026-08,1244214,CP-ABR-6-2026-IVP AMBO/CS-1,"SERVICIO DE EJECUCIÓN DEL MANTENIMIENTO RUTINARIO DEL CAMINO VECINAL NO PAVIMENTADO, TRAMO: EMP. PE-18 (COCHACHINCHE) - ANGASMARCA (KM 12+650); ANGASMARCA (KM 13+000) - AÑAY; L=20.360 KM; UBICADO EN EL DISTRITO DE HUÁCAR, PROVINCIA DE AMBO, DEPARTAMENTO DE HUÁNUCO, CON CÓDIGO DE RUTA: HU-1072.",,Concurso Público Abreviado,services,54749.67,PEN,54749.67,2026-08-25T17:44:00-05:00,5.0,False,54749.67,PE-CONSUCODE-200243,INSTITUTO VIAL PROVINCIAL DE AMBO,2026-08,15,2026-08-26T10:29:20.691103-05:00,2026-09-23T10:18:05.176563-05:00,HUANUCO,AMBO,AMBO,5,5,1,54749.64,INVERSIONES LIAM LAF EMPRESA INDIVIDUAL DE RESPONSABILIDAD LIMITADA,PE-RUC-20610368485,1,54749.64,2026-09-11T00:00:00-05:00
ocds-dgv273-seacev3-1242998,2026-09-23T10:18:05.162437-05:00,2026-08,1242998,COMPRE-COMPRE-4-2026-MPSCH/DEC-1,CONTRATACIÓN DEL SERVICIO A TODO COSTO PARA LA EJECUCIÓN DE SEIS (06) PLANES DE MANTENIMIENTO DE SISTEMAS DE AGUA POTABLE DEL DISTRITO DE SANTIAGO DE CHUCO,open,Comparación de Precios,services,63140.0,PEN,63140.0,2026-08-20T08:38:00-05:00,2.0,False,63140.0,PE-CONSUCODE-1245,MUNICIPALIDAD PROVINCIAL DE SANTIAGO DE CHUCO,2026-08,9,2026-08-21T10:31:12.025624-05:00,2026-09-23T10:18:05.162437-05:00,LA LIBERTAD,SANTIAGO DE CHUCO,SANTIAGO DE CHUCO,2,2,1,63135.0,YUL & CONSTRUCCIONES YIREH EI.R.L.,PE-RUC-20614718251,1,63135.0,2026-09-16T00:00:00-05:00
ocds-dgv273-seacev3-1239635,2026-09-23T10:18:05.148145-05:00,2026-08,1239635,CP-ABR-17-2026-SAN GABAN S.A.-1,SERVICIO DE MANTENIMIENTO DE CANALETAS PLUVIALES EN LA VILLA DE RESIDENTES DE LA C.H. SAN GABAN II,,Concurso Público Abreviado,services,0.0,PEN,0.0,2026-08-07T20:10:00-05:00,,True,,PE-CONSUCODE-2397,EMPRESA DE GENERACION ELECTRICA SAN GABAN S.A.,2026-08,29,2026-08-10T10:05:41.392212-05:00,2026-09-23T10:18:05.148145-05:00,PUNO,PUNO,PUNO,0,0,0,,,,0,,
ocds-dgv273-seacev3-2026-200191-98,2026-09-23T10:18:05.128717-05:00,2026-08,1244602,CP-ABR-27-2026-HDNA-2,SERVICIO DE REPARACIÓN DE ARTEFACTOS AVERIADOS POR SOBRE TENSIÓN EN LA UNIDAD EMPRESARIAL CHIMBOTE,,Concurso Público Abreviado,services,241710.0,PEN,241710.0,2026-08-26T11:04:00-05:00,3.0,False,,PE-CONSUCODE-200191,EMPRESA REGIONAL DE SERVICIO PUBLICO DE ELECTRICIDAD ELECTRO NOR MEDIO SA HIDRANDINA,2026-08,27,2026-07-21T10:16:37.820688-05:00,2026-09-23T10:18:05.128717-05:00,LA LIBERTAD,TRUJILLO,TRUJILLO,6,6,1,241680.0,GONZALES PISFIL ANGEL IVAN,PE-RUC-10459075416,0,,
ocds-dgv273-seacev3-1250738,2026-09-23T10:18:05.087883-05:00,2026-08,1250738,LP-ABR-16-2026-HEVES-MINSA-1,"ADQUISICIÓN DE REACTIVOS DE BIOQUÍMICA E INMUNOLOGÍA CON EQUIPO EN CESIÓN DE USO, PARA LA UNIDAD DE PATOLOGÍA CLÍNICA DEL SERVICIO DE APOYO AL DIAGNÓSTICO Y BANCO DE SANGRE DEL DEPARTAMENTO DE ATENCIÓN DE APOYO AL DIAGNÓSTICO Y TRATAMIENTO - HOSPITAL DE EMERGENCIAS VILLA EL SALVADOR",,Licitación Pública Abreviada,goods,0.0,PEN,0.0,2026-08-27T16:55:00-05:00,,True,,PE-CONSUCODE-203086,HOSPITAL DE EMERGENCIAS VILLA EL SALVADOR,2026-08,2,2026-09-18T10:23:19.820956-05:00,2026-09-23T10:18:05.087883-05:00,LIMA,LIMA,VILLA EL SALVADOR,0,0,0,,,,0,,
ocds-dgv273-seacev3-1246158,2026-09-23T10:18:05.071579-05:00,2026-08,1246158,LP-ABR-5-2026-MDC/CS-1,"ejecución de la obra ¿MEJORAMIENTO DEL SERVICIO DE PROVISIÓN DE AGUA PARA RIEGO EN EL CANAL DE CONDUCCIÓN DESDE EL SECTOR DE CASHUCRO HASTA EL SECTOR DE HUALLCALLANCA, DISTRITO DE CUSCA DE LA PROVINCIA DE CORONGO DEL DEPARTAMENTO DE ÁNCASH¿, con CUI N.° 2708344",,Licitación Pública Abreviada,works,1185258.72,PEN,1185258.72,2026-08-25T19:09:00-05:00,6.0,False,1185258.72,PE-CONSUCODE-207,MUNICIPALIDAD DISTRITAL DE CUSCA,2026-08,11,2026-09-01T10:23:55.901893-05:00,2026-09-23T10:18:05.071579-05:00,ANCASH,CORONGO,CUSCA,6,6,1,1185258.72,CONSORCIO CASHUCRO,PE-RUC-1828247,1,1185258.72,2026-09-18T00:00:00-05:00
ocds-dgv273-seacev3-1243219,2026-09-23T10:18:05.064734-05:00,2026-08,1243219,LP-SM-6-2026-MPCP-C-1,"CONTRATACIÓN PARA LA EJECUCIÓN DE LA OBRA: ¿MEJORAMIENTO DEL SERVICIO DE MOVILIDAD URBANA EN LAS VÍAS LOCALES DEL JR. SÁNCHEZ CERRO (DESDE EL JR. GUILLERMO SISLEY HASTA JR. COMANDANTE SUAREZ) EN EL CENTRO POBLADO PUCALLPA, DISTRITO DE CALLERIA DE LA PROVINCIA DE CORONEL PORTILLO DEL DEPARTAMENTO DE",open,Licitación Pública,works,6739943.43,PEN,6739943.43,2026-08-25T15:21:00-05:00,,True,,PE-CONSUCODE-1871,MUNICIPALIDAD PROVINCIAL DE CORONEL PORTILLO,2026-08,23,2026-08-26T10:29:15.828940-05:00,2026-09-23T10:18:05.064734-05:00,UCAYALI,CORONEL PORTILLO,CALLERIA,0,0,0,,,,0,,
ocds-dgv273-seacev3-1236779,2026-09-23T10:18:05.057470-05:00,2026-07,1236779,LP-SM-4-2026-CS/MPJB-1,"ADQUISICION DE CAMION VOLQUETE DE 20M3, PARA EL IOARR: ¿ADQUISICION DE TRACTOR DE ORUGAS, EXCAVADORA HIDRAULICA, VOLQUETE Y CAMION CISTERNA, ADEMAS DE OTROS ACTIVOS EN LA ADMINISTRACION DE MAQUINARIA Y EQUIPO PESADO DEL DISTRITO  DE LOCUMBA, PROVINCIA JORGE BASADRE, DEPARTAMENTO DE TACNA.",open,Licitación Pública,goods,0.0,PEN,0.0,2026-07-24T16:05:00-05:00,,True,,PE-CONSUCODE-1850,MUNICIPALIDAD PROVINCIAL DE JORGE BASADRE - LOCUMBA,2026-07,30,2026-07-25T10:12:55.636802-05:00,2026-09-23T10:18:05.057470-05:00,TACNA,JORGE BASADRE,LOCUMBA,0,0,0,,,,0,,
ocds-dgv273-seacev3-1244261,2026-09-23T10:18:04.998357-05:00,2026-08,1244261,CP-ABR-6-2026-RED SALUD JAUJA-1,CONTRATACION DEL SERVICIO DE TECNICAS EN ENFERMERIA PARA LOS DIFERENTES SERVICIOS DEL CENTRO DE SALUD LA OROYA,,Concurso Público Abreviado,services,484011.0,PEN,484011.0,2026-08-25T14:18:00-05:00,17.0,False,,PE-CONSUCODE-10483,GOBIERNO REGIONAL DE JUNIN - UNIDAD TERRITORIAL DE SALUD JAUJA,2026-08,19,2026-08-26T10:29:20.716899-05:00,2026-09-23T10:18:04.998357-05:00,JUNIN,JAUJA,JAUJA,17,17,7,77000.0,AZA SEGURA ROSARIO MERCEDES | CULLACHAGUA RODRIGUEZ YRENE YESICA | FLORES CARHUACUSMA ROSA FORTUNATA | REYNOSO ROCA IRMA ALVINA | SALAZAR COCHACHI JEAN PATRICK | SANTOS CUYUBAMBA MARITZA IVONNE | TORRES SAQUICORAY ANGIE GIOVANA,PE-RUC-10212866267 | PE-RUC-10410239308 | PE-RUC-10424677740 | PE-RUC-10442791819 | PE-RUC-10712295266 | PE-RUC-10718822667 | PE-RUC-10743642690,0,,
ocds-dgv273-seacev3-1235132,2026-09-23T10:18:04.984320-05:00,2026-07,1235132,LP-ABR-8-2026-IPD/CS-1,"ADQUISICIÓN DE INDUMENTARIA PARA LOS ORGANIZADORES, PARTICIPANTES Y VOLUNTARIOS DE LOS ¿JUEGOS DEPORTIVOS NACIONALES IPD¿",,Licitación Pública Abreviada,goods,235052.0,PEN,235052.0,2026-07-17T19:33:00-05:00,41.0,False,,PE-CONSUCODE-1982,INSTITUTO PERUANO DEL DEPORTE,2026-07,34,2026-07-18T10:18:32.956229-05:00,2026-09-23T10:18:04.984320-05:00,LIMA,LIMA,LIMA,41,41,2,449500.0,INDUSTRIAS OZUL EXPORT AND IMPORT E.I.R.L. | VINILO PUBLICIDAD S.A.C.,PE-RUC-20602519709 | PE-RUC-20612024287,0,,
ocds-dgv273-seacev3-2026-2408-80,2026-09-23T10:18:04.977925-05:00,2026-08,1245135,CP-ABR-17-2026-ES-1,"SERVICIO DE CONSULTORÍA DE OBRA PARA LA FORMULACIÓN DEL ESTUDIO DE PREINVERSIÓN Y EXPEDIENTE TÉCNICO DE OBRA DEL PROYECTO ""MEJORAMIENTO DEL SERVICIO DE DISTRIBUCIÓN DE ENERGÍA ELÉCTRICA EN ALIMENTADOR O-253 DISTRITO DE CANDARAVE DE LA PROVINCIA DE CANDARAVE DEL DEPARTAMENTO DE TACNA"".",,Concurso Público Abreviado,services,342240.39,PEN,342240.39,2026-08-27T14:44:00-05:00,,True,,PE-CONSUCODE-2408,EMPRESA REGIONAL DE SERVICIO PUBLICO DE ELECTRICIDAD - ELECTROSUR S.A.,2026-08,21,2026-08-28T10:30:32.385725-05:00,2026-09-23T10:18:04.977925-05:00,TACNA,TACNA,TACNA,0,0,0,,,,0,,
ocds-dgv273-seacev3-1238887,2026-09-23T10:18:04.916149-05:00,2026-08,1238887,LP-ABR-2-2026-ESSALUD/GCL-1,"EJECUCION DE OBRA (IOARR): ADQUISICIÓN DE BALANZA ANALITICA, CABINA DE SEGURIDAD BIOLOGICA - CAMPANA DE BIOSEGURIDAD, BIDESTILADOR DE AGUA Y ESTERILIZADOR CON GENERADOR ELECTRICO DE VAPOR; ADEMAS DE OTROS ACTIVOS EN EL (LA) EESS HOSPITAL NACIONAL ALBERTO SOLOGUREN DE LA RED ASISTENCIAL SABOGAL",,Licitación Pública Abreviada,works,1473880.97,PEN,1473880.97,2026-08-05T23:00:00-05:00,,True,,PE-CONSUCODE-2543,SEGURO SOCIAL DE  SALUD,2026-08,29,2026-08-06T10:27:48.407189-05:00,2026-09-23T10:18:04.916149-05:00,LIMA,LIMA,JESUS MARIA,0,0,0,,,,0,,
ocds-dgv273-seacev3-1244598,2026-09-23T10:18:04.900885-05:00,2026-08,1244598,LP-ABR-3-2026-MDLO/CS-1,ADQUISICION DE BOLSAS DE POLIETILENO 140 LITROS Y TIPO T - SHIRT (CHEQUERAS) PARA EL PERSONAL OPERATIVO DE LA SUBGERENCIA DE LIMPIEZA PUBLICA Y MEDIO AMBIENTE,,Licitación Pública Abreviada,goods,68400.0,PEN,68400.0,2026-08-26T18:55:00-05:00,19.0,False,,PE-CONSUCODE-1323,MUNICIPALIDAD DISTRITAL DE LOS OLIVOS (LAS PALMERAS),2026-08,20,2026-08-27T10:33:25.950382-05:00,2026-09-23T10:18:04.900885-05:00,LIMA,LIMA,LOS OLIVOS,19,19,1,73500.0,SERVICIOS GENERALES NIJA E.I.R.L.,PE-RUC-20610776648,0,,
ocds-dgv273-seacev3-1244411,2026-09-23T10:18:04.893861-05:00,2026-08,1244411,CP-ABR-9-2026-C/MLV-1,"CONTRATACIÓN DEL SERVICIO DE ALQUILER DE DOS (02) CAMIONES CISTERNA CON CAPACIDAD DE 5000 GALONES DESTINADO AL ABASTECIMIENTO Y DISTRIBUICIÓN DE AGUA PARA EL RIEGO DE LAS ÁREAS VERDES GARANTIZANDO EL ADECUADO MANTENIMIENTO, CONSERVACIÓN Y DESARROLLO DE LOS ESPACIOS VERDES DE USO PÚBLICO EN EL DISTRI",,Concurso Público Abreviado,services,0.0,PEN,0.0,2026-08-25T19:03:00-05:00,,True,,PE-CONSUCODE-1321,MUNICIPALIDAD DISTRITAL DE LA VICTORIA - LIMA,2026-08,18,2026-08-26T10:29:20.829233-05:00,2026-09-23T10:18:04.893861-05:00,LIMA,LIMA,LA VICTORIA,0,0,0,,,,0,,
ocds-dgv273-seacev3-2026-1921-37,2026-09-23T10:18:04.851753-05:00,2026-08,1245346,CP-ABR-33-2026-OSINERGMIN-1,CONTRATACION DEL SERVICIO DE SOPORTE OPERATIVO A LOS PROCESOS Y A LA GESTIÓN DE INFORMACIÓN DE LA GERENCIA DE SUPERVISIÓN MINERA,,Concurso Público Abreviado,services,0.0,PEN,0.0,2026-08-27T19:51:00-05:00,,True,,PE-CONSUCODE-1921,ORGANISMO SUPERVISOR DE LA INVERSION EN ENERGIA Y MINERIA,2026-08,17,2026-08-28T10:30:32.464839-05:00,2026-09-23T10:18:04.851753-05:00,LIMA,LIMA,MAGDALENA DEL MAR,0,0,0,,,,0,,
ocds-dgv273-seacev3-1244938,2026-09-23T10:18:04.837341-05:00,2026-08,1244938,LP-ABR-23-2026-CS/MDRT-1,"ADQUISICION DE INDUMENTARIAS PARA EL PROYECTO: ""MEJORAMIENTO DE LA ATENCION Y PROMOCION DE LAS FAMILIAS DE LAS CUENCAS DE PERENE Y CUENCA DE RIO TAMBO, DISTRITO DE RIO TAMBO, PROVINCIA SATIPO, DEPARTAMENTO DE JUNIN"" ETAPA CON CUI ""02616987.",,Licitación Pública Abreviada,goods,92835.0,PEN,92835.0,2026-08-26T20:33:00-05:00,12.0,False,,PE-CONSUCODE-1162,MUNICIPALIDAD DISTRITAL DE RIO TAMBO,2026-08,16,2026-08-27T10:33:26.112741-05:00,2026-09-23T10:18:04.837341-05:00,JUNIN,SATIPO,RIO TAMBO,12,12,1,92500.0,SEGUIL VELASQUEZ ABELARDO,PE-RUC-10200387665,0,,
ocds-dgv273-seacev3-2026-23-17,2026-09-23T10:18:04.823388-05:00,2026-08,1242494,CP-ABR-9-2026-MTPE-1,"SERVICIO DE ARCHIVAMIENTO, CUSTODIA Y CONSERVACIÓN DEL ACERVO DOCUMENTARIO DEL MINISTERIO DE TRABAJO Y PROMOCIÓN DEL EMPLEO",,Concurso Público Abreviado,services,413660.0,PEN,413660.0,2026-08-19T11:57:00-05:00,9.0,False,,PE-CONSUCODE-23,MINISTERIO DE TRABAJO Y PROMOCION DEL EMPLEO,2026-08,24,2026-08-20T10:31:25.027054-05:00,2026-09-23T10:18:04.823388-05:00,LIMA,LIMA,JESUS MARIA,9,9,1,365675.44,POLYSISTEMAS CORP SOCIEDAD ANONIMA CERRADA,PE-RUC-20431995281,0,,
ocds-dgv273-seacev3-1244399,2026-09-23T10:18:04.816739-05:00,2026-08,1244399,LP-ABR-6-2026-MDW/CS-1,CONTRATACION DE INDUMENTARIA PARA EL PERSONAL DE LA UNIDAD DE LIMPIEZA PUBLICA DE LA MUNICIPALIDAD DISTRITAL DE WANCHAQ,,Licitación Pública Abreviada,goods,0.0,PEN,0.0,2026-08-25T17:59:00-05:00,,True,,PE-CONSUCODE-751,MUNICIPALIDAD DISTRITAL DE WANCHAQ,2026-08,14,2026-08-26T10:29:20.816568-05:00,2026-09-23T10:18:04.816739-05:00,CUSCO,CUSCO,WANCHAQ,0,0,0,,,,0,,
ocds-dgv273-seacev3-1243257,2026-09-23T10:18:04.807747-05:00,2026-08,1243257,LP Homologación-ABR-6-2026-CENARES/MINSA-1,¿ADQUISICIÓN DE DISPOSITIVOS MÉDICOS PARA EL ABASTECIMIENTO CENTRALIZADO POR UN PERIODO DE DOCE (12) MESES - CATETER VENOSO CENTRAL DOBLE LUMEN 12 FR X 15 CM¿,,Licitación Pública Abreviada Homologación,goods,456350.4,PEN,456350.4,2026-08-20T19:09:00-05:00,9.0,False,,PE-CONSUCODE-200363,CENTRO NACIONAL DE ABASTECIMIENTO DE RECURSOS ESTRATEGICOS EN SALUD,2026-08,22,2026-08-21T10:31:12.122658-05:00,2026-09-23T10:18:04.807747-05:00,LIMA,LIMA,JESUS MARIA,9,9,0,,,,0,,
ocds-dgv273-seacev3-1241645,2026-09-23T10:18:04.801001-05:00,2026-08,1241645,LP-SM-1-2026-DIRIS LS-1,ADQUISICIÓN DE UNIFORME INSTITUCIONAL DE VERANO PARA EL PERSONAL NOMBRADO DE LA DIRECCIÓN DE REDES INTEGRADAS DE SALUD LIMA SUR 2026,open,Licitación Pública,goods,0.0,PEN,0.0,2026-08-14T19:25:00-05:00,,True,,PE-CONSUCODE-203766,UNIDAD EJECUTORA DEL PLIEGO 011 MINISTERIO DE SALUD-DIRECCION DE REDES INTEGRADAS DE SALUD LIMA SUR,2026-08,27,2026-08-15T10:17:51.029182-05:00,2026-09-23T10:18:04.801001-05:00,LIMA,LIMA,BARRANCO,0,0,0,,,,0,,
ocds-dgv273-seacev3-1248696,2026-09-23T10:18:04.786547-05:00,2026-08,1248696,LP-ABR-2-2026-MDP/OC-1-1,"ADQUISICIÓN DE MÁQUINAS PARA CONFECCIÓN TEXTIL: ¿MEJORAMIENTO DE LA PRODUCCIÓN Y COMERCIALIZACIÓN DE CONFECCIONES TEXTILES DE LA ASOCIACIÓN MANOS ACTIVAS DEL DISTRITO DE PAUCAS, PROVINCIA DE HUARI, REGIÓN ÁNCASH¿.",,Licitación Pública Abreviada,goods,124052.5,PEN,124052.5,2026-08-27T18:23:00-05:00,12.0,False,,PE-CONSUCODE-220,MUNICIPALIDAD DISTRITAL DE PAUCAS,2026-08,6,2026-09-10T10:20:31.813858-05:00,2026-09-23T10:18:04.786547-05:00,ANCASH,HUARI,PAUCAS,12,12,1,113990.0,EMPRESA CONSTRUCTORA MULTISERVICIOS OBRETT E.I.R.L.,PE-RUC-20571155649,0,,
ocds-dgv273-seacev3-1247198,2026-09-23T10:18:04.754211-05:00,2026-08,1247198,RES-PROC-230-2026-JNE-1,SERVICIO DE PUBLICIDAD EN VALLA MOVIL (SOBRE UN VEHICULO) EN EL MARCO DE LAS ELECCIONES REGIONALES Y MUNICIPALES 2026,open,Regímen Especial,services,50268.0,PEN,50268.0,2026-09-03T16:42:00-05:00,1.0,False,,PE-CONSUCODE-10,JURADO NACIONAL DE ELECCIONES,2026-08,4,2026-09-04T13:58:16.320077-05:00,2026-09-23T10:18:04.754211-05:00,LIMA,LIMA,LIMA,1,1,1,50268.0,PUBLISTRIBUCION NACIONAL CO S.A.C.,PE-RUC-20615067262,0,,
ocds-dgv273-seacev3-1243437,2026-09-23T10:18:04.740343-05:00,2026-08,1243437,LP-ABR-2-2026-SANIPES/ DEC-1,SUMINISTRO DE COMBUSTIBLE PARA LA OPERATIVIDAD Y EL FUNCIONAMIENTO DE LAS UNIDADES VEHICULARES ASIGNADAS A LA SEDE CENTRAL DEL SANIPES,,Licitación Pública Abreviada,goods,270525.6,PEN,270525.6,2026-08-21T20:13:00-05:00,3.0,False,,PE-CONSUCODE-201345,ORGANISMO NACIONAL DE SANIDAD PESQUERA,2026-08,20,2026-08-22T10:45:08.363435-05:00,2026-09-23T10:18:04.740343-05:00,LIMA,LIMA,LINCE,3,3,1,276372.0,GLOBAL FUEL SOCIEDAD ANONIMA,PE-RUC-20565643496,0,,
ocds-dgv273-seacev3-1241140,2026-09-23T10:18:04.725534-05:00,2026-08,1241140,LP-ABR-161-2026-MDSM/CS-2,"CONTRATACION DE EJECUCION DE OBRA CONSTRUCCION DE CAPTACION DE AGUA Y LÍNEA DE CONDUCCIÓN; EN EL(LA) SISTEMA DE SANEAMIENTO BASICO DEL CASERIO DE GOTUSH DEL CENTRO POBLADO DE CARHUAYOC DISTRITO DE SAN MARCOS, PROVINCIA HUARI, DEPARTAMENTO ANCASH CON CUI N°2601272",,Licitación Pública Abreviada,works,1298348.41,PEN,1298348.41,2026-08-13T20:48:00-05:00,11.0,False,,PE-CONSUCODE-224,MUNICIPALIDAD DISTRITAL DE SAN MARCOS,2026-08,16,2026-08-14T10:33:31.973322-05:00,2026-09-23T10:18:04.725534-05:00,ANCASH,HUARI,SAN MARCOS,11,11,1,1298348.41,CONSORCIO GOTUSH,PE-RUC-1829045,0,,
ocds-dgv273-seacev3-1242139,2026-09-23T10:18:04.660239-05:00,2026-08,1242139,LP-ABR-42-2026-GRSM/C-1,"ADQUISICIÓN DE MAQUINARIAS PARA LA EJECUCIÓN DEL PLAN DE NEGOCIO DENOMINADO ¿AMPLIACIÓN DE LINEA DE PRODUCCIÓN DE MANTECA DE CACAO IMPULSADA CON ENERGIA RENOVABLE EN LA EMPRESA PROYECTO CHAZUTA SAC, DISTRITO DE CHAZUTA, PROVINCIA DE SAN MARTIN, REGIÓN SAN MARTIN CON CÓDIGO UNIFICADO: N°2718703",,Licitación Pública Abreviada,goods,191000.0,PEN,191000.0,2026-08-17T21:49:00-05:00,14.0,False,,PE-CONSUCODE-50,GOBIERNO REGIONAL DE SAN MARTIN Sede Central,2026-08,23,2026-08-18T10:20:58.811810-05:00,2026-09-23T10:18:04.660239-05:00,SAN MARTIN,MOYOBAMBA,MOYOBAMBA,14,14,1,162700.0,DRAF MAQUINAS INDUSTRIALES E.I.R.L.,PE-RUC-20512153110,0,,
ocds-dgv273-seacev3-1245413,2026-09-23T10:18:04.652950-05:00,2026-08,1245413,LP-ABR-7-2026-CS/MDR-2,Ejecución de la Obra: CREACION DEL SERVICIO DE MOVILIDAD URBANA EN PASAJE HUANCAVELICA EN A.H SANTA ROSA ALTA DISTRITO DE RIMAC DE LA PROVINCIA DE LIMA DEL DEPARTAMENTO DE LIMA - CUI N 2727897,,Licitación Pública Abreviada,works,0.0,PEN,0.0,2026-08-28T00:38:00-05:00,,True,,PE-CONSUCODE-1334,MUNICIPALIDAD DISTRITAL DE RIMAC,2026-08,16,2026-08-29T10:11:47.459308-05:00,2026-09-23T10:18:04.652950-05:00,LIMA,LIMA,RIMAC,0,0,0,,,,0,,
ocds-dgv273-seacev3-1238749,2026-09-23T10:18:04.636304-05:00,2026-08,1238749,LP-ABR-54-2026-GRAP/OC-1,"Adquisición de materiales para el sistema de agua contra incendios, incluye instalación a todo costo para el proyecto Mejoramiento del servicio educativo en los tres niveles Inicial 101 El Carmelo, Primaria 54045 El Carmelo y secundaria El Carmelo de la Localidad Molinopata, distrito y provincia de",,Licitación Pública Abreviada,goods,107134.0,PEN,107134.0,2026-08-04T20:25:00-05:00,14.0,False,107134.0,PE-CONSUCODE-2009,GOBIERNO REGIONAL DE APURIMAC SEDE CENTRAL,2026-08,19,2026-08-05T10:26:25.816947-05:00,2026-09-23T10:18:04.636304-05:00,APURIMAC,ABANCAY,ABANCAY,14,14,1,104610.34,TELNET SERVICES PERU SOCIEDAD ANONIMA CERRADA,PE-RUC-20451540336,1,104610.34,2026-09-22T00:00:00-05:00
ocds-dgv273-seacev3-1245953,2026-09-23T10:18:04.607300-05:00,2026-08,1245953,DIRECTA-DIRECTA-1-2026-OSIPTEL-1,"Servicio de arrendamiento de inmueble para el funcionamiento de la Oficina de Atención al Usuario de OSIPTEL con sede en el distrito de San Juan de Lurigancho, ciudad de Lima, provincia y departamento de Lima",direct,Contratación Directa,services,60000.0,PEN,60000.0,2026-08-31T17:46:00-05:00,1.0,False,60000.0,PE-CONSUCODE-1920,ORGANISMO SUPERVISOR DE INVERSION PRIVADA EN TELECOMUNICACIONES,2026-08,6,2026-09-01T10:23:55.451545-05:00,2026-09-23T10:18:04.607300-05:00,LIMA,LIMA,SAN BORJA,1,1,1,60000.0,MENDOZA MEDRANO JOEL ORLANDO,PE-RUC-10450729511,1,60000.0,2026-09-17T00:00:00-05:00
ocds-dgv273-seacev3-1240977,2026-09-23T10:18:04.537310-05:00,2026-08,1240977,LP-ABR-6-2026-MDH/OBRAS-2,CONTRATACIÓN PARA LA EJECUCIÓN DE LA OBRA: ¿CREACION DEL PARQUE PRINCIPAL EN EL CENTRO POBLADO DE CANCHACUCHO DEL DISTRITO DE HUAYLLAY ¿ PROVINCIA DE PASCO ¿ DEPARTAMENTO DE PASCO¿ con CUI 2721604,,Licitación Pública Abreviada,works,1788000.22,PEN,1788000.22,2026-08-12T21:39:00-05:00,5.0,False,1788000.22,PE-CONSUCODE-1559,MUNICIPALIDAD DISTRITAL DE HUAYLLAY,2026-08,14,2026-08-13T10:28:42.398789-05:00,2026-09-23T10:18:04.537310-05:00,PASCO,PASCO,HUAYLLAY,5,5,1,1788000.22,CONSORCIO LA PIEDRA,PE-RUC-1823651,1,1788000.22,2026-09-11T00:00:00-05:00
ocds-dgv273-seacev3-1233350,2026-09-23T10:18:04.529200-05:00,2026-07,1233350,CP-ABR-36-2025-DIRIS LS-3,"SERVICIO DE PREPARACIÓN DE ALIMENTOS PARA EL PERSONAL QUE REALIZA GUARDIAS HOSPITALARIAS, GUARDIAS COMUNITARIAS DEL CMI BUENOS AIRES DE VILLA Y PARA LOS PACIENTES HOSPITALIZADOS ASEGURADOS AL SEGURO INTEGRAL DE SALUD (SIS)",,Concurso Público Abreviado,services,179697.6,PEN,179697.6,2026-07-13T16:39:00-05:00,1.0,False,,PE-CONSUCODE-203766,UNIDAD EJECUTORA DEL PLIEGO 011 MINISTERIO DE SALUD-DIRECCION DE REDES INTEGRADAS DE SALUD LIMA SUR,2026-07,11,2026-07-14T10:22:57.271022-05:00,2026-09-23T10:18:04.529200-05:00,LIMA,LIMA,BARRANCO,1,1,0,,,,0,,
ocds-dgv273-seacev3-1244633,2026-09-23T10:18:04.506819-05:00,2026-08,1244633,CP-ABR-4-2026-MDSAC-1,"CONTRATACION DE SERVICIO A TODO COSTO, PARA LA FABRICACION, SUMINISTRO, INSTALACION Y MONTAJE DE COLUMNAS Y ESTRUCTURA METALICA DE COBERTURA, COBERTURA CON PLANCHA TRAPEZOIDAL TR-4 CURVA Y SISTEMA DE DRENAJE PLUVIAL DEL PROYECTO: CONSTRUCCION DE ESPACIO DEPORTIVO CON COBERTURA; EN EL (LA) I.E. JAVIE",,Concurso Público Abreviado,services,160000.0,PEN,160000.0,2026-08-26T22:27:00-05:00,11.0,False,,PE-CONSUCODE-336,MUNICIPALIDAD DISTRITAL DE SAN ANTONIO DE CACHI,2026-08,13,2026-08-27T10:33:25.976521-05:00,2026-09-23T10:18:04.506819-05:00,APURIMAC,ANDAHUAYLAS,SAN ANTONIO DE CACHI,11,11,1,175000.0,MULTISERVICIOS EL DIAMANTE SOCIEDAD ANONIMA CERRADA,PE-RUC-20528064028,0,,
ocds-dgv273-seacev3-1242375,2026-09-23T10:18:04.490318-05:00,2026-08,1242375,LP-ABR-24-2026-MDSJM/CS-1,"OBRA: RENOVACION DE VEREDA O ACERA Y MOBILIARIO URBANO; EN EL(LA) PARQUE SAN JOSE, ZONA E, ZONA URBANA, DISTRITO DE SAN JUAN DE MIRAFLORES, PROVINCIA LIMA, DEPARTAMENTO LIMA, CON CUI N°2729401",,Licitación Pública Abreviada,works,129750.16,PEN,129750.16,2026-08-18T19:05:00-05:00,23.0,False,,PE-CONSUCODE-1339,MUNICIPALIDAD DISTRITAL DE SAN JUAN DE MIRAFLORES,2026-08,15,2026-08-19T10:31:57.096025-05:00,2026-09-23T10:18:04.490318-05:00,LIMA,LIMA,SAN JUAN DE MIRAFLORES,23,23,1,129750.16,SIADEC INGENIEROS S.A.C.,PE-RUC-20493043073,0,,
ocds-dgv273-seacev3-1234599,2026-09-23T10:18:04.483377-05:00,2026-07,1234599,LP-ABR-18-2026-ESSALUD-RPA-1,"ADQUISICIÓN DE CARTUCHOS PARA DETERMINACIÓN DE GASES ARTERIALES Y ELECTROLITOS PARA EL SERVICIO DE NEONATOLOGÍA Y CLINICA PEDIÁTRICA DEL DEPARTAMENTO DE PEDIATRÍA DEL HOSPITAL NACIONAL GUILLERMO ALMENARA IRIGOYEN, PARA UN PERIODO DE DOCE (12) MESES",,Licitación Pública Abreviada,goods,0.0,PEN,0.0,2026-07-16T16:59:00-05:00,,True,,PE-CONSUCODE-2543,SEGURO SOCIAL DE  SALUD,2026-07,9,2026-07-17T10:27:18.504006-05:00,2026-09-23T10:18:04.483377-05:00,LIMA,LIMA,JESUS MARIA,0,0,0,,,,0,,
ocds-dgv273-seacev3-1246677,2026-09-23T10:18:04.460252-05:00,2026-08,1246677,LP-ABR-9-2026-MDH/CS-1,"CONTRATACIÓN DE EJECUCIÓN DE OBRA: MEJORAMIENTO Y AMPLIACIÓN DE SERVICIO DE TRANSITABILIDAD VIAL INTERURBANA EN EL TRAMO I: C.P. MORAN LIRIO -SECTOR NORTE- CRUCE A CHUGUR, TRAMO II: SECTOR NORTE-MORAN ALTO DISTRITO DE HUALGAYOC,  PROVINCIA DE HUALGAYOC, DEPARTAMENTO DE CAJAMARCA. CUI N°. 2729324.",,Licitación Pública Abreviada,works,1660751.46,PEN,1660751.46,2026-08-04T21:51:00-05:00,9.0,False,1660751.46,PE-CONSUCODE-687,MUNICIPALIDAD DISTRITAL DE HUALGAYOC,2026-08,5,2026-09-03T10:50:56.203341-05:00,2026-09-23T10:18:04.460252-05:00,CAJAMARCA,HUALGAYOC,HUALGAYOC,9,9,1,1660751.46,CORPORACION DWAR S.A.C,PE-RUC-20491809346,1,1660751.46,2026-09-17T00:00:00-05:00
ocds-dgv273-seacev3-1242900,2026-09-23T10:18:04.444278-05:00,2026-08,1242900,CP-ABR-1-2026-UGEL-1-1,CONTRATACIÓN DE SERVICIO DE ACCESO A INTERNET PARA VEINTICINCO (25) INSTITUCIONES EDUCATIVAS DE LA JURISDICCIÓN DE LA UGEL CELENDÍN ¿ 2026,,Concurso Público Abreviado,services,146717.0,PEN,146717.0,2026-08-19T19:41:00-05:00,18.0,False,,PE-CONSUCODE-200763,GOBIERNO REGIONAL DE CAJAMARCA - UNIDAD DE GESTION EDUCATIVA LOCAL CELENDIN,2026-08,19,2026-08-20T10:31:25.275937-05:00,2026-09-23T10:18:04.444278-05:00,CAJAMARCA,CELENDIN,CELENDIN,18,18,1,75000.0,FLEETEC CORPORATION S.A.C.,PE-RUC-20607880272,0,,
ocds-dgv273-seacev3-1233380,2026-09-23T10:18:04.404350-05:00,2026-07,1233380,LP-SM-5-2026-GRA-SEDECENTRAL-1,"ADQUISICIÓN E INSTALACIÓN A TODO COSTO DEL SISTEMA DE VIDEO VIGILANCIA CCTV ¿ COMPONENTE DE COMUNICACIONES (TERCERA HABILITACIÓN) PARA EL PROYECTO: ¿MEJORAMIENTO DEL SERVICIO DE FORMACIÓN PROFESIONAL EN LA ESCUELA DE MEDICINA HUMANA DE LA FACULTAD DE CIENCIAS DE LA SALUD DE LA UNSCH, DISTRITO DE AYA",open,Licitación Pública,goods,1150950.0,PEN,1150950.0,2026-07-13T17:13:00-05:00,28.0,False,,PE-CONSUCODE-35,GOBIERNO REGIONAL DE AYACUCHO SEDE CENTRAL,2026-07,36,2026-07-14T10:22:57.234149-05:00,2026-09-23T10:18:04.404350-05:00,AYACUCHO,HUAMANGA,AYACUCHO,28,28,0,,,,0,,
ocds-dgv273-seacev3-1241410,2026-09-23T10:18:04.352977-05:00,2026-08,1241410,SIE-SIE-115-2026-GR PUNO/OC-1,"ADQUISICIÓN DE BARRAS PARA CONSTRUCCION Y ALAMBRE NEGRO RECOCIDO, SEGÚN REQUERIMIENTO Y ESPECIFICACIONES TÉCNICAS, PARA LA META: MEJORAMIENTO DEL SERVICIO EDUCATIVO DEL NIVEL PRIMARIO DE LA I.E. 71008 EN EL DISTRITO DE LAMPA - PROVINCIA DE LAMPA - DEPARTAMENTO DE PUNO.",open,Subasta Inversa Electrónica,goods,65592.4,PEN,65592.4,2026-08-14T11:23:00-05:00,12.0,False,65592.4,PE-CONSUCODE-49,GOBIERNO REGIONAL DE PUNO SEDE CENTRAL,2026-08,18,2026-08-15T10:17:50.564481-05:00,2026-09-23T10:18:04.352977-05:00,PUNO,PUNO,PUNO,12,12,1,54670.0,FORZAMAT S.A.C.,PE-RUC-20559644243,1,54670.0,2026-09-18T00:00:00-05:00
ocds-dgv273-seacev3-1245089,2026-09-23T10:18:04.324722-05:00,2026-08,1245089,CP CON-SM-4-2026-MINEM/DGER-1,CONTRATACIÓN DE LA SUPERVISIÓN DE LA EJECUCIÓN DE LA OBRA DE TRES (03) PROYECTOS COMPRENDIDOS EN EL GRUPO N° 04,,Concurso Público para Consultoría,services,2728306.38,PEN,2728306.38,2026-08-27T12:39:00-05:00,,True,,PE-CONSUCODE-200231,DIRECCION GENERAL DE ELECTRIFICACION RURAL DEL MINISTERIO DE ENERGÍA Y MINAS,2026-08,21,2026-08-28T10:30:32.365813-05:00,2026-09-23T10:18:04.324722-05:00,LIMA,LIMA,SAN BORJA,0,0,0,,,,0,,
ocds-dgv273-seacev3-1233986,2026-09-23T10:18:04.308595-05:00,2026-07,1233986,CP-ABR-11-2026-MDH/C-1,SERVICIO DE CONSULTORIA DE OBRA PARA LA SUPERVISION DE OBRA: ¿MEJORAMIENTO Y AMPLIACIÓN DEL SERVICIO DE AGUA POTABLE RURAL Y MEJORAMIENTO Y AMPLIACIÓN DEL SERVICIO DE ALCANTARILLADO U OTRAS FORMAS DE DISPOSICIÓN SANITARIA DE EXCRETAS EN LA LOCALIDAD DE PALTAPAMPA DISTRITO DE HUARMACA DE LA PROVINCIA,,Concurso Público Abreviado,services,127773.11,PEN,127773.11,2026-07-14T22:27:00-05:00,9.0,False,127773.11,PE-CONSUCODE-1607,MUNICIPALIDAD DISTRITAL DE HUARMACA,2026-07,16,2026-07-15T10:31:01.358675-05:00,2026-09-23T10:18:04.308595-05:00,PIURA,HUANCABAMBA,HUARMACA,9,9,1,127773.11,CONSORCIO SUPERVISOR PALTAPAMPA,PE-RUC-1815189,1,127773.11,2026-08-10T00:00:00-05:00
ocds-dgv273-seacev3-1237767,2026-09-23T10:18:04.276962-05:00,2026-07,1237767,LP-SM-1-2026-MDH/C-1,MEJORAMIENTO DEL SERVICIO DE PROVISIÓN DE AGUA PARA RIEGO EN LOS SECTORES DE LAUPAY-BELLAVISTA Y CCOCHA DE CENTRO POBLADO CCOCHA DISTRITO DE HAQUIRA DE LA PROVINCIA DE COTABAMBAS DEL DEPARTAMENTO DE APURIMAC,open,Licitación Pública,works,6527024.07,PEN,6527024.07,2026-07-31T19:05:00-05:00,23.0,False,6527024.07,PE-CONSUCODE-372,MUNICIPALIDAD DISTRITAL DE HAQUIRA,2026-07,27,2026-08-01T10:19:37.728578-05:00,2026-09-23T10:18:04.276962-05:00,APURIMAC,COTABAMBAS,HAQUIRA,23,23,1,6527024.07,CONSORCIO LAUPAY,PE-RUC-1827960,1,6527024.07,2026-09-18T00:00:00-05:00
ocds-dgv273-seacev3-1232570,2026-09-23T10:18:04.259852-05:00,2026-07,1232570,SIE-SIE-4-2026-EP/UO 0826-1,"CONTRATACIÓN DE SUMINISTRO DE ALIMENTOS PARA EL PERSONAL DE OFICIALES, TECNICOS Y SUBOFICIALES DE LA IV DIVISIÓN DE EJÉRCITO Y LA 2A BRIGADA DE INFANTERÍA CORRESPONDIENTE 2026 - 2027 PP 135",open,Subasta Inversa Electrónica,goods,2861431.76,PEN,2861431.76,2026-07-09T17:53:00-05:00,19.0,False,,PE-CONSUCODE-10247,EJERCITO PERUANO,2026-07,21,2026-07-10T10:42:11.863810-05:00,2026-09-23T10:18:04.259852-05:00,LIMA,LIMA,SAN BORJA,19,19,3,1938000.0,INVERSIONES LYAM DEL PERU E.I.R.L. | REYNOSO CALDERON TANIA | TOVACORP S.A.C.,PE-RUC-10406971347 | PE-RUC-20574763381 | PE-RUC-20602254489,0,,
ocds-dgv273-seacev3-1243784,2026-09-23T10:18:04.244486-05:00,2026-08,1243784,CP-ABR-1-2026-MDT/DEC-1,"CONTRATCION DE SERVICIO DE SUMINISTRO, FABRICACION. MONTAJE E INSTALACION DE ESTRUCTURA METALICAS, BAJO LA MODALIDAD A TODO COSTO DE LA OBRA CONSTRUCCION DE ESTRUCTURAS METALICAS BAJO LA MODALIDAD A TODO COSTO DE LA OBRA CONSTRUCCION DE ALMACNCEN EN LA MUNICIPALIDAD DISTRITAL DE TAMBURCO",,Concurso Público Abreviado,services,192500.0,PEN,192500.0,2026-08-24T11:17:00-05:00,18.0,False,,PE-CONSUCODE-325,MUNICIPALIDAD DISTRITAL DE TAMBURCO,2026-08,18,2026-08-25T10:17:44.951090-05:00,2026-09-23T10:18:04.244486-05:00,APURIMAC,ABANCAY,TAMBURCO,18,18,1,174850.0,INVESTMENTS GLOBO S.A.C.,PE-RUC-20552452314,0,,
ocds-dgv273-seacev3-1246077,2026-09-23T10:18:04.190937-05:00,2026-08,1246077,SIE-SIE-57-2026-GOREMAD/OC-1,"ADQUISICION DE CEMENTO PORTLAND TIPO IP 42.50 KG PARA LA OBRA ¿AMPLIACION Y MEJORAMIENTO  DE LOS SERVICIOS  EDUCATIVOS  DEL NIVEL PRIMARIA CON CODIGO N° 0206862 Y DEL NIVEL SECUNDARIA CON CODIGO MODULAR  N° 1544725 DEL CENTRO POBLADO DE  SAN LORENZO, DISTRITO DE TAHUAMANU, PROVINCIA DE TAHUAMANU, PR",open,Subasta Inversa Electrónica,goods,121531.37,PEN,121531.37,2026-08-31T19:16:00-05:00,8.0,False,,PE-CONSUCODE-45,GOBIERNO REGIONAL DE MADRE DE DIOS SEDE CENTRAL,2026-08,13,2026-09-01T10:23:55.005877-05:00,2026-09-23T10:18:04.190937-05:00,MADRE DE DIOS,TAMBOPATA,TAMBOPATA,8,8,1,127837.6,CODECO E.I.R.L,PE-RUC-20532492051,0,,
ocds-dgv273-seacev3-1245531,2026-09-23T10:18:03.725166-05:00,2026-08,1245531,CP-ABR-20-2026-SEDAPAR-1,"CONTRATACIÓN DE SERVICIO DE CONSULTORÍA PARA LA SUPERVISIÓN DE OBRA ¿CONSTRUCCIÓN DE RESERVORIO EN EL(LA) PLANTA DE TRATAMIENTO DE AGUA POTABLE COCACHACRA (R-01) DISTRITO DE COCACHACRA, PROVINCIA ISLAY, DEPARTAMENTO AREQUIPACUI 2561956¿",,Concurso Público Abreviado,services,0.0,PEN,0.0,2026-08-28T14:55:00-05:00,,True,,PE-CONSUCODE-2384,SERVICIO DE AGUA POTABLE Y ALCANTARILLADO DE AREQUIPA,2026-08,20,2026-08-29T10:11:47.517621-05:00,2026-09-23T10:18:03.725166-05:00,AREQUIPA,AREQUIPA,AREQUIPA,0,0,0,,,,0,,
ocds-dgv273-seacev3-1237641,2026-09-23T10:18:03.716533-05:00,2026-08,1237641,LP-ABR-13-2026-HRGDVA-C-1,CONTRATACION DE INSUMOS DE FRUTAS PARA EL DEPARTAMENTO DE NUTRICION Y DIETETICA DEL HOSPITAL REGIONAL GUILLERMO DIAZ DE LA VEGA DE ABANCAY,,Licitación Pública Abreviada,goods,76290.0,PEN,76290.0,2026-08-03T15:44:00-05:00,8.0,False,,PE-CONSUCODE-200040,GOBIERNO REGIONAL DE APURIMAC - HOSPITAL GUILLERMO DIAZ DE LA VEGA ABANCAY,2026-08,14,2026-08-04T10:21:47.693484-05:00,2026-09-23T10:18:03.716533-05:00,APURIMAC,ABANCAY,ABANCAY,8,8,0,,,,0,,
ocds-dgv273-seacev3-1244899,2026-09-23T10:18:03.709423-05:00,2026-08,1244899,CP-ABR-3-2026-MPH/CS-3,"ELABORACION DEL EXPEDIENTE TECNICO: AMPLIACION DEL SERVICIO DE EDUCACIÓN SECUNDARIA EN I.E. 88353 DE CENTRO POBLADO HACIENDA BARBACAY DISTRITO DE HUARMEY DE LA PROVINCIA DE HUARMEY DEL DEPARTAMENTO DE ANCASH, CON CUI Nro 2715599",,Concurso Público Abreviado,services,132071.5,PEN,132071.5,2026-08-26T18:41:00-05:00,,True,,PE-CONSUCODE-302,MUNICIPALIDAD PROVINCIAL DE HUARMEY,2026-08,15,2026-08-27T10:33:26.093370-05:00,2026-09-23T10:18:03.709423-05:00,ANCASH,HUARMEY,HUARMEY,0,0,0,,,,0,,
ocds-dgv273-seacev3-1244185,2026-09-23T10:18:03.694653-05:00,2026-08,1244185,SIE-SIE-1-2026-RISH-1,ADQUISICIÓN DE GAS LICUADO DE PETRÓLEO (GLP) DESTINADO AL HOSPITAL SAN JUAN DE MATUCANA,open,Subasta Inversa Electrónica,goods,87200.0,PEN,87200.0,2026-08-25T21:12:00-05:00,7.0,False,231100.0,PE-CONSUCODE-200404,GOBIERNO REGIONAL DE LIMA - RED DE SALUD DE HUAROCHIRI,2026-08,15,2026-08-26T10:29:20.666299-05:00,2026-09-23T10:18:03.694653-05:00,LIMA,HUAROCHIRI,RICARDO PALMA,7,7,1,56700.0,COMPAÑIA GLOBAL DEL GAS S.A.C.,PE-RUC-20548155810,1,56700.0,2026-09-21T00:00:00-05:00
ocds-dgv273-seacev3-1243000,2026-09-23T10:18:03.679304-05:00,2026-08,1243000,LP-ABR-2-2026-MDA/C-1,MEJORAMIENTO DEL SERVICIO DE PRÁCTICA DEPORTIVA Y/O RECREATIVA EN ESPACIO DEPORTIVO MULTIUSO DE CENTRO POBLADO IRAN DISTRITO DE ANCHIHUAY DE LA PROVINCIA DE LA MAR DEL DEPARTAMENTO DE AYACUCHO CON CUI N° 2727556,,Licitación Pública Abreviada,works,621576.56,PEN,621576.56,2026-08-20T12:35:00-05:00,2.0,False,621577.0,PE-CONSUCODE-201469,MUNICIPALIDAD DISTRITAL DE ANCHIHUAY,2026-08,10,2026-08-21T10:31:12.032004-05:00,2026-09-23T10:18:03.679304-05:00,AYACUCHO,LA MAR,ANCO,2,2,1,621308.86,CONSORCIO IRAN,PE-RUC-1826995,1,621308.86,2026-09-11T00:00:00-05:00
ocds-dgv273-seacev3-1236891,2026-09-23T10:18:03.662196-05:00,2026-07,1236891,LP-ABR-12-2026-MDM-1,"CONTRATACION DE LA EJECUCION DE LA IOARR; ""RENOVACION DE PUENTE EN EL (LA) VIA VECINAL JU-1565, PROGRESIVA KM 5 + 107.6 EN LA LOCALIDAD PUEBLO LIBRE DE PAURIALI DISTRITO DE MAZAMARI, PROVINCIA DE SATIPO, DEPARTAMENTO DE JUNIN CUI Nº2675823",,Licitación Pública Abreviada,works,1262348.4,PEN,1262348.4,2026-07-24T19:39:00-05:00,11.0,False,1262348.4,PE-CONSUCODE-1158,MUNICIPALIDAD DISTRITAL DE MAZAMARI,2026-07,23,2026-07-25T10:12:55.766827-05:00,2026-09-23T10:18:03.662196-05:00,JUNIN,SATIPO,MAZAMARI,11,11,1,1176765.45,CONSORCIO PAURIALI,PE-RUC-1826292,1,1176765.45,2026-09-15T00:00:00-05:00
ocds-dgv273-seacev3-2026-200029-48,2026-09-23T10:18:03.628397-05:00,2026-08,1244352,CP Homologación-ABR-4-2026-IN/SALUDPOL-2,CONTRATACIÓN DEL SERVICIO DE ATENCIÓN AMBULATORIA INTEGRAL DEL PACIENTE CON ENFERMEDAD RENAL CRÓNICA ESTADIO 5 EN HEMODIALISIS PARA LOS PACIENTES BENEFICIARIOS DE SALUDPOL EN EL DEPARTAMENTO DE PUNO,,Concurso Público Abreviado Homologación,services,1261157.04,PEN,1261157.04,2026-08-25T17:02:00-05:00,1.0,False,,PE-CONSUCODE-200029,FONDO DE ASEGURAMIENTO EN SALUD DE LA POLICIA NACIONAL DEL PERU,2026-08,41,2026-03-11T10:13:06.412699-05:00,2026-09-23T10:18:03.628397-05:00,LIMA,LIMA,PUEBLO LIBRE,1,1,2,2545920.0,SERVICIOS MEDICOS Y DIALISIS DEL SUR VIRGEN DE LA CANDELARIA S.A.C.,PE-RUC-20498418920,0,,
ocds-dgv273-seacev3-1241231,2026-09-23T10:18:03.601364-05:00,2026-08,1241231,CP SER-SM-4-2026-HRA/CS-1,CONTRATACIÓN DEL SERVICIO DE SEGURIDAD Y VIGILANCIA PARA EL HOSPITAL REGIONAL DE AYACUCHO ¿MIGUEL ÁNGEL MARISCAL LLERENA¿,,Concurso Público de Servicios,services,0.0,PEN,0.0,2026-08-13T22:01:00-05:00,,True,,PE-CONSUCODE-20002,GOBIERNO REGIONAL DE AYACUCHO - HOSPITAL HUAMANGA,2026-08,18,2026-08-14T10:33:31.979888-05:00,2026-09-23T10:18:03.601364-05:00,AYACUCHO,HUAMANGA,AYACUCHO,0,0,0,,,,0,,
ocds-dgv273-seacev3-1238022,2026-09-23T10:18:03.584970-05:00,2026-08,1238022,LP-ABR-7-2026-MDT/C-1,"CONTRATACION DE EJECUCIÓN DE LA OBRA: ¿CREACIÓN DEL SERVICIO DE MOVILIDAD URBANA EN EL BARRIO ANTAPLUY, DISTRITO DE TARICÁ, PROVINCIA DE HUARAZ, DEPARTAMENTO DE ÁNCASH.¿ CON CUI 2688699.",,Licitación Pública Abreviada,works,2328867.58,PEN,2328867.58,2026-08-04T22:26:00-05:00,11.0,False,2328867.58,PE-CONSUCODE-161,MUNICIPALIDAD DISTRITAL DE TARICA,2026-08,13,2026-08-05T10:26:21.639343-05:00,2026-09-23T10:18:03.584970-05:00,ANCASH,HUARAZ,TARICA,11,11,1,2328867.58,CONSORCIO PRO. -AT VIAL,PE-RUC-1821444,1,2328867.58,2026-09-07T00:00:00-05:00
ocds-dgv273-seacev3-1244699,2026-09-23T10:18:03.529557-05:00,2026-08,1244699,SEL-PROC-31-2026-OTL / PETROPERU-2,ADQUISICION DE EXTINTORES PORTATILES LISTADO DE PQS Y CO2 Y ACCESORIOS PARA SU MANTENIMIENTO PARA REFINERIA TALARA,open,Adjudicación Selectiva,goods,0.0,PEN,0.0,2026-08-26T16:04:00-05:00,1.0,False,,PE-CONSUCODE-2433,PETROLEOS DEL PERU S.A.,2026-08,10,2026-08-27T10:33:26.002909-05:00,2026-09-23T10:18:03.529557-05:00,LIMA,LIMA,SAN ISIDRO,1,1,0,,,,0,,
ocds-dgv273-seacev3-1245000,2026-09-23T10:18:03.522827-05:00,2026-08,1245000,LP-ABR-2-2026-MDC/CS-1,"EJECUCION DE LA OBRA: ""RENOVACIÓN DE PUENTE; EN EL(LA) PUENTE QUISCO; TRAMO DE TRANSITABILIDAD EN EL SECTOR QUISCO DEL DISTRITO DE COTAPARACO, PROVINCIA RECUAY, DEPARTAMENTO ANCASH"", CUI: 2689813.",,Licitación Pública Abreviada,works,987043.11,PEN,987043.11,2026-08-26T23:25:00-05:00,,True,,PE-CONSUCODE-262,MUNICIPALIDAD DISTRITAL DE COTAPARACO,2026-08,12,2026-08-27T10:33:26.151617-05:00,2026-09-23T10:18:03.522827-05:00,ANCASH,RECUAY,COTAPARACO,0,0,0,,,,0,,
ocds-dgv273-seacev3-2026-200035-5,2026-09-23T10:18:03.516071-05:00,2026-08,1244069,CP-ABR-6-2026-LLP-1,CONTRATACION DEL SERVICIO DE TELEFONÍA MÓVIL Y RED PRIVADA Y ALQUILER DE EQUIPOS CELULARES PARA EL PROGRAMA DE EMPLEO TEMPORAL LLAMKASUN PERÚ,,Concurso Público Abreviado,services,0.0,PEN,0.0,2026-08-24T21:14:00-05:00,,True,,PE-CONSUCODE-200035,PROGRAMA PARA LA GENERACION DE EMPLEO SOCIAL INCLUSIVO ¿TRABAJA PERU¿,2026-08,23,2026-08-25T10:17:45.081514-05:00,2026-09-23T10:18:03.516071-05:00,LIMA,LIMA,JESUS MARIA,0,0,0,,,,0,,
ocds-dgv273-seacev3-1240081,2026-09-23T10:18:03.498808-05:00,2026-08,1240081,CP-ABR-18-2026-C.S.DIRESA-HVCA-1,"MANTENIMIENTO CORRECTIVO DE AMBIENTES ASISTENCIALES DEL CENTRO DE SALUD ANCO, DISTRITO DE ANCO",,Concurso Público Abreviado,services,175871.78,PEN,175871.78,2026-08-10T18:31:00-05:00,31.0,False,,PE-CONSUCODE-10456,GOBIERNO REGIONAL DE HUANCAVELICA-SALUD,2026-08,18,2026-08-11T10:16:25.722028-05:00,2026-09-23T10:18:03.498808-05:00,HUANCAVELICA,HUANCAVELICA,HUANCAVELICA,31,31,1,162800.0,CONTRATISTAS E INVERSIONES GENERALES 4M SOCIEDAD ANÓNIMA CERRADA - COINGE 4M S.A.C.,PE-RUC-20604342148,0,,
ocds-dgv273-seacev3-1236694,2026-09-23T10:18:03.483127-05:00,2026-07,1236694,CP-ABR-5-2026-CS/MDL-2,"CONTRATACIÓN DE CONSULTORÍA DE OBRA - SUPERVISIÓN DE OBRA: ""RENOVACION DE PUENTE; EN EL(LA) CAMINO VECINAL QUE UNI EL CENTRO POBLADO DE SANTA MARÍA Y LA LOCALIDAD DE PUYTOC DISTRITO DE LAMBRAS, PROVINCIA TAYACAJA, DEPARTAMENTO HUANCAVELICA""; CON CUI N° 2677130",,Concurso Público Abreviado,services,185454.7,PEN,185454.7,2026-07-30T23:43:00-05:00,6.0,False,185454.7,PE-CONSUCODE-204690,MUNICIPALIDAD DISTRITAL DE LAMBRAS,2026-07,16,2026-07-31T10:16:00.771091-05:00,2026-09-23T10:18:03.483127-05:00,HUANCAVELICA,TAYACAJA,LAMBRAS,6,6,1,185454.7,CONSORCIO SANTA MARIA,PE-RUC-1819606,1,185454.7,2026-08-31T00:00:00-05:00
ocds-dgv273-seacev3-1236741,2026-09-23T10:18:03.467002-05:00,2026-07,1236741,CP-ABR-25-2026-OSINERGMIN-1,CONTRATACIÓN DEL SERVICIO DE CONSULTORÍA PARA ELABORACIÓN DE LA PROPUESTA DE REVISIÓN DE LA LEY DE CONCESIONES ELÉCTRICAS Y SU REGLAMENTO RESPECTO AL MODELO REGULATORIO BUILDING BLOCKS EN EL PERÚ,,Concurso Público Abreviado,services,345625.0,PEN,345625.0,2026-07-24T16:39:00-05:00,10.0,False,345625.0,PE-CONSUCODE-1921,ORGANISMO SUPERVISOR DE LA INVERSION EN ENERGIA Y MINERIA,2026-07,24,2026-07-25T10:12:55.624616-05:00,2026-09-23T10:18:03.467002-05:00,LIMA,LIMA,MAGDALENA DEL MAR,10,10,1,267860.0,BA ENERGY SOLUTIONS S.A.C.,PE-RUC-20429344531,1,267860.0,2026-09-16T00:00:00-05:00
ocds-dgv273-seacev3-2026-200035-3,2026-09-23T10:18:03.423008-05:00,2026-08,1245721,CP-ABR-7-2026-LLP-1,CONTRATACIÓN DEL SERVICIO DE INTERNET DEDICADO PARA EL PROGRAMA DE EMPLEO TEMPORAL LLAMKASUN PERÚ,,Concurso Público Abreviado,services,0.0,PEN,0.0,2026-08-28T19:35:00-05:00,,True,,PE-CONSUCODE-200035,PROGRAMA PARA LA GENERACION DE EMPLEO SOCIAL INCLUSIVO ¿TRABAJA PERU¿,2026-08,19,2026-08-29T10:11:47.626519-05:00,2026-09-23T10:18:03.423008-05:00,LIMA,LIMA,JESUS MARIA,0,0,0,,,,0,,
ocds-dgv273-seacev3-1245976,2026-09-23T10:18:03.409203-05:00,2026-08,1245976,CP-ABR-12-2026-EPSEL S.A.-1,"SERVICIO DE PERFORACIÓN DE POZO EXPLORATORIO DEL DISTRITO DE TÚCUME ¿ PROVINCIA DE LAMBAYEQUE, DEPARTAMENTO DE LAMBAYEQUE INVERSIÓN 11-C-50 ESTUDIO TARIFARIO 2025-2028",,Concurso Público Abreviado,services,187148.0,PEN,187148.0,2026-08-31T17:41:00-05:00,9.0,False,,PE-CONSUCODE-2378,ENTIDAD PRESTADORA DE SERVICIO DE SANEAMIENTO DE LAMBAYEQUE S.A.,2026-08,14,2026-09-01T10:23:54.689584-05:00,2026-09-23T10:18:03.409203-05:00,LAMBAYEQUE,CHICLAYO,CHICLAYO,9,9,1,187148.0,CORPORACION MAKIPURAIX DEL PERU E.I.R.L.,PE-RUC-20609614839,0,,
ocds-dgv273-seacev3-1222198,2026-09-23T10:18:03.387029-05:00,2026-06,1222198,CP-ABR-63-2025-OC/GR PUNO-1,"SERVICIO DE ALQUILER DE CAMIÓN CISTERNA, PARA LA META MEJORAMIENTO DE LA DEFENSA RIBEREÑA EN EL TRAMO V EN LAS MÁRGENES DERECHA E IZQUIERDA DEL RIO RAMIS EN LOS TRAMOS DE SACASCO, COLLANA, CHACAMARCA, PATASCACHI, YANAOCO, TUNI GRANDE, RAMIS, Y BALSAPATA, MULTIDISTRAL ¿ MULTIPROVINCIAL - PUNO",,Concurso Público Abreviado,services,432300.0,PEN,432300.0,2026-06-03T18:49:00-05:00,8.0,False,,PE-CONSUCODE-49,GOBIERNO REGIONAL DE PUNO SEDE CENTRAL,2026-06,20,2026-06-04T10:35:36.772081-05:00,2026-09-23T10:18:03.387029-05:00,PUNO,PUNO,PUNO,8,8,0,,,,0,,
ocds-dgv273-seacev3-1232198,2026-09-23T10:18:03.373239-05:00,2026-07,1232198,CP-ABR-11-2026-CS-MPMN-1,"SERVICIO DE CONSULTORIA DE OBRA PARA LA SUPERVISION DE ELABORACION DEL EXPEDIENTE TECNICO, EJECUCION DE OBRA Y LIQUIDACION DEL PROYECTO; CREACION DE LOS SERVICIOS CULTURALES Y LAS ARTES EN LA CASA DE LA JUVENTUD DE LA LOCALIDAD DE MOQ., DISTR. MOQ., DE LA PROV. MARISCAL NIETO, DEL DPTO. MOQ.",,Concurso Público Abreviado,services,0.0,PEN,0.0,2026-07-08T18:03:00-05:00,,True,,PE-CONSUCODE-1536,MUNICIPALIDAD PROVINCIAL DE MARISCAL NIETO - MOQUEGUA,2026-07,8,2026-07-09T10:39:21.778470-05:00,2026-09-23T10:18:03.373239-05:00,MOQUEGUA,MARISCAL NIETO,MOQUEGUA,0,0,0,,,,0,,
ocds-dgv273-seacev3-1227255,2026-09-23T10:18:03.328525-05:00,2026-06,1227255,LP-SM-8-2026-UE:026-DIREICAJ-1,"ADQUISICIÓN DE EQUIPOS DE LABORATORIO CRIMINALISTICOS PARA LA UNIDAD FUNCIONAL DE CRIMINALISTICA CON SEDE EN LA UNIDAD DE FLAGRANCIA DEL DISTRITO JUDICIAL LIMA ESTE - DIRCRI PNP, CUI N°2696260",open,Licitación Pública,goods,0.0,PEN,0.0,2026-06-19T20:31:00-05:00,,True,,PE-CONSUCODE-200825,DIRECCION EJECUTIVA DE INVESTIGACION CRIMINAL Y APOYO A LA JUSTICIA PNP - DIREICAJ  PNP,2026-06,40,2026-06-20T10:19:17.807091-05:00,2026-09-23T10:18:03.328525-05:00,LIMA,LIMA,LIMA,0,0,0,,,,0,,
ocds-dgv273-seacev3-1226639,2026-09-23T10:18:03.313754-05:00,2026-06,1226639,SIE-SIE-22-2026-HNCH-1,ADQUISICION DE PRODUCTO FARMACEUTICO TRAMADOL CLORHIDRATO 50 MG TB PARA EL ABASTECIMIENTO ANUAL DE LOS SERVICIOS DEL HOSPITAL CAYETANO HEREDIA,open,Subasta Inversa Electrónica,goods,152000.0,PEN,152000.0,2026-06-18T12:49:00-05:00,7.0,False,152000.0,PE-CONSUCODE-10208,HOSPITAL CAYETANO HEREDIA,2026-06,12,2026-06-19T10:30:26.612417-05:00,2026-09-23T10:18:03.313754-05:00,LIMA,LIMA,SAN MARTIN DE PORRES,7,7,1,57000.0,INSTITUTO QUIMIOTERAPICO S A,PE-RUC-20100287791,1,57000.0,2026-09-11T00:00:00-05:00
